index1,index,2,District
0,0,Longding,South Andamans
1,1,South Andaman,Nicobars
2,2,Lower Dibang Valley,North and Middle Andaman
3,3,Spsr Nellore,Guntur
4,4,Kamle,Spsr Nellore
5,5,Lepa Rada,Kurnool
6,6,Visakhapatnam,West Godavari
7,7,Lower Siang,Krishna
8,8,Dibang Valley,Chittoor
9,9,Kurnool,Visakhapatnam
10,10,Guntur,Anantapur
11,11,North and Middle Andaman,Srikakulam
12,12,Krishna,Y.S.R.
13,13,Anjaw,Vizianagaram
14,14,Kra Daadi,Prakasam
15,15,Changlang,East Godavari
16,16,Lohit,Lepa Rada
17,17,East Godavari,Lower Siang
18,18,Anantapur,Dibang Valley
19,19,Kurung Kumey,Anjaw
20,20,Srikakulam,Kra Daadi
21,21,Nicobars,Lohit
22,22,Prakasam,Changlang
23,23,Y.S.R.,Kurung Kumey
24,24,East Siang,East Kameng
25,25,Chittoor,Kamle
26,26,East Kameng,West Kameng
27,27,West Godavari,Lower Dibang Valley
28,28,Barpeta,East Siang
29,29,Dibrugarh,Longding
30,30,Kolkata,Shi Yomi
31,31,Bhadohi,Lower Subansiri
32,32,Tehri Garhwal,Namsai
33,33,Devbhumi Dwarka,Upper Subansiri
34,34,Nabarangapur,Pakke Kessang
35,35,Kottayam,Siang
36,36,Sri Muktsar Sahib,Papum Pare
37,37,Sheopur,West Siang
38,38,East Jaintia Hills,Tirap
39,39,Palwal,Tawang
40,40,Thane,Upper Siang
41,41,Khagaria,Kamrup
42,42,Dakshina Kannada,Baksa
43,43,Belagavi,Dima Hasao
44,44,South Tripura,Nalbari
45,45,South Garo Hills,Kamrup Metro
46,46,Paschim Bardhaman,Dhemaji
47,47,Nalanda,Bongaigaon
48,48,Kullu,Dibrugarh
49,49,Rampur,Nagaon
50,50,Jhajjar,Hailakandi
51,51,Dimapur,Barpeta
52,52,Rajsamand,Golaghat
53,53,Kanniyakumari,Chirang
54,54,Sabar Kantha,Hojai
55,55,Majuli,Majuli
56,56,Purbi Singhbum,Karimganj
57,57,Chamoli,Karbi Anglong
58,58,Hathras,Sivasagar
59,59,Nalbari,Biswanath
60,60,Bharatpur,Udalguri
61,61,Mahisagar,Darrang
62,62,Hamirpur,Jorhat
63,63,Basti,West Karbi Anglong
64,64,Washim,Dhubri
65,65,Bidar,Cachar
66,66,Bhopal,Charaideo
67,67,Jogulamba Gadwal,Goalpara
68,68,Ranipet,Tinsukia
69,69,Bara Banki,Kokrajhar
70,70,Jaipur,Sonitpur
71,71,Kangpokpi,South Salmara Mancachar
72,72,Kozhikode,Lakhimpur
73,73,Kiphire,Marigaon
74,74,Ribhoi,Samastipur
75,75,Pathanamthitta,Kaimur (Bhabua)
76,76,Rajanna Sircilla,Madhubani
77,77,Jangoan,Arwal
78,78,Narmada,Darbhanga
79,79,Darrang,Patna
80,80,Mancherial,Lakhisarai
81,81,Banas Kantha,Vaishali
82,82,East District,Khagaria
83,83,Udaipur,Bhojpur
84,84,Kalahandi,Sheohar
85,85,Rajouri,Sheikhpura
86,86,Lawngtlai,Madhepura
87,87,Mandla,Pashchim Champaran
88,88,Thanjavur,Nalanda
89,89,Nashik,Saharsa
90,90,Jodhpur,Bhagalpur
91,91,Balrampur,Siwan
92,92,Peren,Begusarai
93,93,Sangli,Gaya
94,94,Coimbatore,Araria
95,95,Kaithal,Jamui
96,96,Kurukshetra,Muzaffarpur
97,97,Hassan,Supaul
98,98,West Khasi Hills,Buxar
99,99,Sangrur,Nawada
100,100,Bargarh,Kishanganj
101,101,Chamarajanagara,Munger
102,102,Thiruvallur,Saran
103,103,Salem,Jehanabad
104,104,Kohima,Gopalganj
105,105,Kalaburagi,Sitamarhi
106,106,Ghazipur,Rohtas
107,107,Unnao,Katihar
108,108,Purba Bardhaman,Purbi Champaran
109,109,Chandauli,Purnia
110,110,Darjeeling,Banka
111,111,Dima Hasao,Aurangabad
112,112,Lahul and Spiti,Balrampur
113,113,Dholpur,Jashpur
114,114,Bandipore,Baloda Bazar
115,115,Dhule,Bemetara
116,116,Udham Singh Nagar,Janjgir-Champa
117,117,Sivaganga,Narayanpur
118,118,Kendrapara,Bastar
119,119,Surat,Balod
120,120,Anugul,Dhamtari
121,121,Malappuram,Mungeli
122,122,Darbhanga,Gaurella Pendra Marwahi
123,123,Pilibhit,Gariyaband
124,124,Tikamgarh,Korea
125,125,East Delhi,Raipur
126,126,Deoghar,Durg
127,127,Seoni,Korba
128,128,Wokha,Kabirdham
129,129,Jalor,Surajpur
130,130,Patiala,Bijapur
131,131,Pali,Kondagaon
132,132,Nuapada,Dantewada
133,133,Surajpur,Bilaspur
134,134,Noklak,Rajnandgaon
135,135,Chikkaballapura,Mahasamund
136,136,Bijapur,Kanker
137,137,Vizianagaram,Raigarh
138,138,Kanpur Nagar,Surguja
139,139,Anantnag,Sukma
140,140,Theni,Central
141,141,Solapur,East
142,142,Datia,South
143,143,Agar Malwa,North West
144,144,Budaun,South East
145,145,Beed,North
146,146,Dhubri,North East
147,147,Banda,West
148,148,Dang,New Delhi
149,149,Bankura,Shahdara
150,150,Sirsa,South West
151,151,Kolasib,North Goa
152,152,Ganganagar,South Goa
153,153,Kancheepuram,Navsari
154,154,Ambala,Valsad
155,155,Krishnagiri,Ahmadabad
156,156,Gandhinagar,Gir Somnath
157,157,Ranchi,Rajkot
158,158,North Garo Hills,Botad
159,159,Sivasagar,Surendranagar
160,160,Jalna,Amreli
161,161,Mahabubabad,Surat
162,162,Rohtas,Morbi
163,163,Burhanpur,Gandhinagar
164,164,Bilaspur,Dang
165,165,Wardha,Sabar Kantha
166,166,Gwalior,Jamnagar
167,167,Yadadri Bhuvanagiri,Banas Kantha
168,168,Mahrajganj,Mahisagar
169,169,Cooch Behar,Porbandar
170,170,Ballari,Arvalli
171,171,Faridabad,Anand
172,172,Barnala,Patan
173,173,Lakhimpur,Devbhumi Dwarka
174,174,South Salmara Mancachar,Kachchh
175,175,Sonbhadra,Kheda
176,176,Pudukkottai,Bhavnagar
177,177,Sambhal,Tapi
178,178,Gopalganj,Chhotaudepur
179,179,Namsai,Mahesana
180,180,Siang,Vadodara
181,181,Jagatsinghapur,Dohad
182,182,Bijnor,Narmada
183,183,Simdega,Panch Mahals
184,184,Ajmer,Junagadh
185,185,Longleng,Bharuch
186,186,Dohad,Rewari
187,187,Diu,Fatehabad
188,188,Ramban,Hisar
189,189,Vikarabad,Rohtak
190,190,Kumuram Bheem Asifabad,Gurugram
191,191,Palakkad,Jhajjar
192,192,Sonipat,Nuh
193,193,Central Delhi,Jind
194,194,Kheri,Sirsa
195,195,Baramula,Yamunanagar
196,196,Jalpaiguri,Sonipat
197,197,Sidhi,Panchkula
198,198,Imphal East,Mahendragarh
199,199,Moga,Kurukshetra
200,200,Kollam,Bhiwani
201,201,Hyderabad,Ambala
202,202,Kishanganj,Karnal
203,203,Neemuch,Faridabad
204,204,Jhansi,Kaithal
205,205,Siddharthnagar,Palwal
206,206,Gautam Buddha Nagar,Charki Dadri
207,207,Kodarma,Panipat
208,208,South District,Shimla
209,209,Sonitpur,Mandi
210,210,Mysuru,Lahul And Spiti
211,211,Sultanpur,Bilaspur
212,212,Birbhum,Hamirpur
213,213,Sundargarh,Kangra
214,214,Nayagarh,Una
215,215,Rudraprayag,Chamba
216,216,Koriya,Sirmaur
217,217,Sangareddy,Solan
218,218,Karimnagar,Kinnaur
219,219,Bastar,Kullu
220,220,Mungeli,Kupwara
221,221,Nawada,Doda
222,222,Lohardaga,Shopian
223,223,Gariaband,Anantnag
224,224,Vijayapura,Samba
225,225,Jhargram,Srinagar
226,226,Tapi,Budgam
227,227,Kanpur Dehat,Reasi
228,228,Dausa,Ganderbal
229,229,Pauri Garhwal,Pulwama
230,230,Chengalpattu,Kathua
231,231,Gajapati,Poonch
232,232,Hoshangabad,Udhampur
233,233,Lucknow,Rajouri
234,234,Raisen,Kulgam
235,235,Jalgaon,Baramulla
236,236,Kokrajhar,Bandipora
237,237,Chota Udaipur,Ramban
238,238,Panch Mahals,Kishtwar
239,239,South Goa,Jammu
240,240,Bharuch,Godda
241,241,Mahe,Gumla
242,242,Supaul,Sahebganj
243,243,Sirmaur,East Singhbum
244,244,Sagar,Koderma
245,245,Kolhapur,Garhwa
246,246,Shahjahanpur,Chatra
247,247,Ashoknagar,Simdega
248,248,Tinsukia,Latehar
249,249,Kheda,Lohardaga
250,250,Nuh,Dhanbad
251,251,Mahesana,Giridih
252,252,Lunglei,Deoghar
253,253,Chatra,Pakur
254,254,Khordha,West Singhbhum
255,255,Nandurbar,Ranchi
256,256,Nanded,Saraikela Kharsawan
257,257,Koraput,Ramgarh
258,258,Goalpara,Hazaribagh
259,259,Champhai,Khunti
260,260,Panchkula,Jamtara
261,261,Chandel,Dumka
262,262,Shivpuri,Bokaro
263,263,Jamui,Palamu
264,264,Bengaluru Urban,Kodagu
265,265,Anuppur,Koppal
266,266,Balaghat,Davangere
267,267,Bhiwani,Chikkamagaluru
268,268,Palamu,Bagalkote
269,269,Marigaon,Bengaluru Urban
270,270,Latur,Raichur
271,271,Kathua,Udupi
272,272,Surendranagar,Uttara Kannada
273,273,Buldana,Mysuru
274,274,Kupwara,Bidar
275,275,Panna,Bengaluru Rural
276,276,Cachar,Ballari
277,277,Singrauli,Tumakuru
278,278,Chhatarpur,Kalaburagi
279,279,Sheikhpura,Mandya
280,280,Leh,Ramanagara
281,281,Dantewada,Shivamogga
282,282,Haveri,Hassan
283,283,Bikaner,Yadgir
284,284,Bhadradri Kothagudem,Vijayapura
285,285,Firozabad,Haveri
286,286,Tiruvannamalai,Chikkaballapura
287,287,Jhunjhunu,Dakshina Kannada
288,288,Nainital,Chitradurga
289,289,Nalgonda,Belagavi
290,290,24 Paraganas North,Dharwad
291,291,Gorakhpur,Kolar
292,292,Etah,Chamarajanagara
293,293,Saharanpur,Gadag
294,294,Pithoragarh,Kollam
295,295,Mahoba,Kannur
296,296,Meerut,Palakkad
297,297,Almora,Ernakulam
298,298,24 Paraganas South,Kasaragod
299,299,Hapur,Wayanad
300,300,Wanaparthy,Kozhikode
301,301,The Nilgiris,Idukki
302,302,Medak,Pathanamthitta
303,303,Maldah,Alappuzha
304,304,Tuticorin,Thrissur
305,305,Dhalai,Thiruvananthapuram
306,306,Kallakurichi,Malappuram
307,307,Jaisalmer,Kottayam
308,308,Papum Pare,Kargil
309,309,Charaideo,Leh Ladakh
310,310,Baghpat,Raisen
311,311,Chamba,Hoshangabad
312,312,Saraikela-kharsawan,Shivpuri
313,313,Mayiladuthurai,Anuppur
314,314,Fatehpur,Bhind
315,315,Saitual,Umaria
316,316,Chittaurgarh,Balaghat
317,317,Karimganj,Sagar
318,318,New Delhi,Sidhi
319,319,Agra,Shajapur
320,320,Gumla,Neemuch
321,321,Narsimhapur,Damoh
322,322,Samba,Ashoknagar
323,323,Rayagada,East Nimar
324,324,Charki Dadri,Seoni
325,325,Bhavnagar,Datia
326,326,Ranga Reddy,Agar Malwa
327,327,Dindigul,Sehore
328,328,Namakkal,Tikamgarh
329,329,Nagarkurnool,Guna
330,330,Kargil,Niwari
331,331,Chhindwara,Narsinghpur
332,332,Hooghly,Gwalior
333,333,Nagapattinam,Burhanpur
334,334,Dhar,Ratlam
335,335,Siddipet,Dewas
336,336,Medinipur East,Panna
337,337,Gaurella Pendra Marwahi,Satna
338,338,Murshidabad,Indore
339,339,Chennai,Khargone
340,340,Sheohar,Rewa
341,341,Etawah,Jabalpur
342,342,Porbandar,Alirajpur
343,343,Malerkotla,Barwani
344,344,Nagpur,Shahdol
345,345,Serchhip,Betul
346,346,Tumakuru,Rajgarh
347,347,West Garo Hills,Mandsaur
348,348,Moradabad,Katni
349,349,Valsad,Harda
350,350,Yadgir,Jhabua
351,351,Janjgir Champa,Singrauli
352,352,Amravati,Mandla
353,353,Tenkasi,Dindori
354,354,West District,Sheopur
355,355,Kolar,Chhatarpur
356,356,Surguja,Bhopal
357,357,Katni,Chhindwara
358,358,Bhojpur,Dhar
359,359,Morbi,Morena
360,360,Bagalkote,Ujjain
361,361,Reasi,Raigad
362,362,Bhagalpur,Yavatmal
363,363,Sukma,Sindhudurg
364,364,Raigad,Amravati
365,365,Chandrapur,Nashik
366,366,Ujjain,Chandrapur
367,367,Mon,Latur
368,368,Hisar,Thane
369,369,Bhadrak,Ratnagiri
370,370,Ernakulam,Nanded
371,371,Pakur,Nagpur
372,372,Jhabua,Nandurbar
373,373,Mahasamund,Osmanabad
374,374,South West Garo Hills,Hingoli
375,375,Tarn Taran,Akola
376,376,Churachandpur,Buldhana
377,377,Vaishali,Wardha
378,378,Patna,Kolhapur
379,379,Kaimur Bhabhua,Beed
380,380,North  District,Mumbai
381,381,Ganjam,Gondia
382,382,Kanker,Jalgaon
383,383,Una,Pune
384,384,Saiha,Ahmednagar
385,385,Dadra and Nagar Haveli,Dhule
386,386,Narayanpet,Sangli
387,387,Howrah,Palghar
388,388,Haridwar,Satara
389,389,Chitrakoot,Bhandara
390,390,Pratapgarh,Gadchiroli
391,391,Peddapalli,Solapur
392,392,Tiruchirappalli,Washim
393,393,Balrampur,Parbhani
394,394,Solan,Aurangabad
395,395,Zunheboto,Jalna
396,396,Budgam,Jiribam
397,397,Kinnaur,Chandel
398,398,Baran,Senapati
399,399,Pondicherry,Kamjong
400,400,East Khasi Hills,Churachandpur
401,401,Samastipur,Imphal East
402,402,Bhilwara,Kakching
403,403,Rajgarh,Tengnoupal
404,404,Jammu,Bishnupur
405,405,Betul,Ukhrul
406,406,Godda,Imphal West
407,407,Senapati,Pherzawl
408,408,Gadag,Noney
409,409,Rohtak,Tamenglong
410,410,Panipat,Thoubal
411,411,Kondagaon,Kangpokpi
412,412,Mamit,West Jaintia Hills
413,413,Yamunanagar,Ri Bhoi
414,414,Upper Subansiri,North Garo Hills
415,415,Wayanad,South West Garo Hills
416,416,Karbi Anglong,East Garo Hills
417,417,Chitradurga,East Khasi Hills
418,418,Tengnoupal,East Jaintia Hills
419,419,Satara,South Garo Hills
420,420,Karauli,West Garo Hills
421,421,Dungarpur,West Khasi Hills
422,422,Udhampur,South West Khasi Hills
423,423,Medinipur West,Mamit
424,424,Kachchh,Serchhip
425,425,Udalguri,Champhai
426,426,Bareilly,Hnahthial
427,427,Fatehabad,Saitual
428,428,Sant Kabir Nagar,Aizawl
429,429,Parbhani,Kolasib
430,430,Prayagraj,Khawzawl
431,431,Lakhisarai,Saiha
432,432,Jagitial,Lunglei
433,433,Dharmapuri,Lawngtlai
434,434,Ariyalur,Zunheboto
435,435,Jalandhar,Wokha
436,436,Shahid Bhagat Singh Nagar,Kohima
437,437,Bishnupur,Kiphire
438,438,Kannur,Tuensang
439,439,Deoria,Mon
440,440,Sikar,Peren
441,441,Nirmal,Dimapur
442,442,Kapurthala,Phek
443,443,Boudh,Noklak
444,444,Ramanagara,Mokokchung
445,445,South West Delhi,Longleng
446,446,Nizamabad,Koraput
447,447,Gonda,Gajapati
448,448,Puri,Bhadrak
449,449,Poonch,Nayagarh
450,450,Kishtwar,Sundargarh
451,451,Raigarh,Jagatsinghapur
452,452,Hnahthial,Rayagada
453,453,Pakke Kessang,Bargarh
454,454,Arwal,Malkangiri
455,455,Durg,Khordha
456,456,Bametara,Nabarangpur
457,457,Sambalpur,Jharsuguda
458,458,Botad,Boudh
459,459,Satna,Ganjam
460,460,Saharsa,Deogarh
461,461,Azamgarh,Puri
462,462,Mokokchung,Sonepur
463,463,Jind,Kalahandi
464,464,Nagaur,Balangir
465,465,Dhenkanal,Kendrapara
466,466,Firozpur,Anugul
467,467,Jaunpur,Jajapur
468,468,Mathura,Dhenkanal
469,469,West Siang,Kandhamal
470,470,Adilabad,Cuttack
471,471,Jamnagar,Nuapada
472,472,Davanagere,Kendujhar
473,473,Jashpur,Baleshwar
474,474,Auraiya,Mayurbhanj
475,475,Siwan,Sambalpur
476,476,Raichur,Pondicherry
477,477,Rajnandgaon,Yanam
478,478,Jehanabad,Karaikal
479,479,Viluppuram,Mahe
480,480,Rupnagar,Malerkotla
481,481,Jorhat,Jalandhar
482,482,Amreli,Rupnagar
483,483,Bahraich,Ferozepur
484,484,West Karbi Anglong,Pathankot
485,485,Mandya,Shahid Bhagat Singh Nagar
486,486,Ganderbal,Sangrur
487,487,Medchal Malkajgiri,Kapurthala
488,488,Indore,Moga
489,489,Morena,Fazilka
490,490,Shimla,Mansa
491,491,Pulwama,Gurdaspur
492,492,Kendujhar,Barnala
493,493,Biswanath,Amritsar
494,494,Dumka,Fatehgarh Sahib
495,495,North Delhi,Tarn Taran
496,496,Sonepur,Sri Muktsar Sahib
497,497,Banka,Hoshiarpur
498,498,North Goa,Faridkot
499,499,Ludhiana,S.A.S Nagar
500,500,Bhandara,Bathinda
501,501,Unakoti,Patiala
502,502,Giridih,Ludhiana
503,503,Ramgarh,Bikaner
504,504,East Champaran,Karauli
505,505,Perambalur,Bhilwara
506,506,Balangir,Ganganagar
507,507,Banswara,Pali
508,508,Fatehgarh Sahib,Baran
509,509,Kamjong,Udaipur
510,510,Bathinda,Banswara
511,511,Chirang,Dausa
512,512,Golaghat,Jodhpur
513,513,Hojai,Ajmer
514,514,Sindhudurg,Bharatpur
515,515,Gurugram,Dholpur
516,516,Pune,Chittorgarh
517,517,Baleshwar,Jalore
518,518,Gaya,Jaisalmer
519,519,Koppal,Pratapgarh
520,520,Dharwad,Jaipur
521,521,Churu,Tonk
522,522,Imphal West,Rajsamand
523,523,Sirohi,Hanumangarh
524,524,Ghaziabad,Alwar
525,525,Mau,Bundi
526,526,Tiruppur,Sirohi
527,527,Jhalawar,Jhunjhunu
528,528,Daman,Barmer
529,529,Hanumangarh,Sawai Madhopur
530,530,Dinajpur Uttar,Jhalawar
531,531,Karur,Churu
532,532,Mulugu,Dungarpur
533,533,Nadia,Sikar
534,534,Mahabubnagar,Nagaur
535,535,Ayodhya,Kota
536,536,Ahmednagar,East District
537,537,Baksa,South District
538,538,Kaushambi,West District
539,539,Yanam,North District
540,540,East Garo Hills,Chengalpattu
541,541,Korba,Tuticorin
542,542,Hardoi,Sivaganga
543,543,Hoshiarpur,Tiruvannamalai
544,544,Aravalli,Ramanathapuram
545,545,Raipur,Karur
546,546,Begusarai,Cuddalore
547,547,Pashchimi Singhbhum,Kanniyakumari
548,548,West Tripura,Ariyalur
549,549,Rewari,Virudhunagar
550,550,Vadodara,Mayiladuthurai
551,551,Jiribam,Theni
552,552,Nagaon,Tirupathur
553,553,Phek,Madurai
554,554,Mandi,The Nilgiris
555,555,Bengaluru Rural,Dharmapuri
556,556,Noney,Dindigul
557,557,Kasganj,Kallakurichi
558,558,Barmer,Namakkal
559,559,Chikkamagaluru,Pudukkottai
560,560,Kamareddy,Tenkasi
561,561,Kodagu,Perambalur
562,562,Kulgam,Villupuram
563,563,Yavatmal,Tiruppur
564,564,Uttara Kannada,Nagapattinam
565,565,Khammam,Kanchipuram
566,566,North West Delhi,Krishnagiri
567,567,Anand,Salem
568,568,Mandsaur,Tirunelveli
569,569,Warangal,Ranipet
570,570,Idukki,Chennai
571,571,Suryapet,Erode
572,572,Alipurduar,Vellore
573,573,Shamli,Thiruvarur
574,574,Purulia,Thiruvallur
575,575,Dakshin Dinajpur,Thanjavur
576,576,Champawat,Coimbatore
577,577,Lower Subansiri,Tiruchirappalli
578,578,Shi Yomi,Hanumakonda
579,579,Erode,Mulugu
580,580,Alwar,Khammam
581,581,Madhubani,Rajanna Sircilla
582,582,Srinagar,Nirmal
583,583,Jharsuguda,Warangal
584,584,Tonk,Jogulamba Gadwal
585,585,South East Delhi,Medchal Malkajgiri
586,586,Upper Siang,Peddapalli
587,587,Doda,Yadadri Bhuvanagiri
588,588,Dhemaji,Narayanpet
589,589,Shahdol,Jangoan
590,590,Barwani,Nizamabad
591,591,Tamenglong,Mahabubnagar
592,592,Aligarh,Mahabubabad
593,593,Osmanabad,Kamareddy
594,594,Baloda Bazar,Suryapet
595,595,Pherzawl,Jagitial
596,596,Khunti,Sangareddy
597,597,West Kameng,Adilabad
598,598,Pratapgarh,Nalgonda
599,599,Khargone,Jayashankar Bhupalapally
600,600,Alirajpur,Kumuram Bheem Asifabad
601,601,S.A.S. Nagar,Siddipet
602,602,Harda,Nagarkurnool
603,603,Kandhamal,Vikarabad
604,604,Udupi,Wanaparthy
605,605,Jabalpur,Karimnagar
606,606,Narayanpur,Ranga Reddy
607,607,Ukhrul,Bhadradri Kothagudem
608,608,Kangra,Medak
609,609,Madhepura,Mancherial
610,610,Alappuzha,Hyderabad
611,611,Patan,Daman
612,612,Purnia,Diu
613,613,Ballia,Dadra And Nagar Haveli
614,614,Amroha,Dhalai
615,615,Madurai,South Tripura
616,616,Thiruvananthapuram,Gomati
617,617,Dhamtari,Unakoti
618,618,Karaikal,West Tripura
619,619,Hazaribagh,Khowai
620,620,Rae Bareli,Sepahijala
621,621,Cuttack,North Tripura
622,622,Dhanbad,Ghaziabad
623,623,South West Khasi Hills,Mau
624,624,Tirap,Ayodhya
625,625,Mainpuri,Auraiya
626,626,Aizawl,Kaushambi
627,627,Kushinagar,Amroha
628,628,Mayurbhanj,Mathura
629,629,Bongaigaon,Jaunpur
630,630,East Nimar,Azamgarh
631,631,Navsari,Barabanki
632,632,Niwari,Sant Kabeer Nagar
633,633,Damoh,Gonda
634,634,Balod,Deoria
635,635,Hingoli,Kasganj
636,636,Ahmadabad,Prayagraj
637,637,Bokaro,Hardoi
638,638,Sawai Madhopur,Bahraich
639,639,Malkangiri,Baghpat
640,640,Hailakandi,Etawah
641,641,Araria,Bareilly
642,642,Gir Somnath,Ballia
643,643,Mahendragarh,Firozabad
644,644,Kamrup Metropolitan,Shahjahanpur
645,645,Jamtara,Etah
646,646,Tawang,Rae Bareli
647,647,Ratnagiri,Saharanpur
648,648,Muzaffarpur,Basti
649,649,Mumbai,Mainpuri
650,650,Katihar,Fatehpur
651,651,Gondiya,Gorakhpur
652,652,Kota,Meerut
653,653,Kasaragod,Mahoba
654,654,Karnal,Hapur
655,655,Umaria,Chitrakoot
656,656,Kabeerdham,Agra
657,657,Shivamogga,Kushi Nagar
658,658,Shahdara,Chandauli
659,659,Bundi,Ambedkar Nagar
660,660,Kakching,Shamli
661,661,Bhind,Siddharth Nagar
662,662,West Delhi,Gautam Buddha Nagar
663,663,Latehar,Unnao
664,664,Kannauj,Sultanpur
665,665,Jayashankar,Shravasti
666,666,Jalaun,Bulandshahr
667,667,Dehradun,Budaun
668,668,Sitapur,Banda
669,669,Sepahijala,Varanasi
670,670,Khowai,Maharajganj
671,671,Lalitpur,Muzaffarnagar
672,672,Amethi,Kanpur Dehat
673,673,Tirupathur,Bijnor
674,674,Virudhunagar,Bhadohi
675,675,North Tripura,Balrampur
676,676,Ramanathapuram,Kannauj
677,677,Kamrup,Farrukhabad
678,678,Sahibganj,Kheri
679,679,Ratlam,Sitapur
680,680,Farrukhabad,Jalaun
681,681,Bulandshahr,Pratapgarh
682,682,Mansa,Rampur
683,683,West Jaintia Hills,Aligarh
684,684,Rewa,Moradabad
685,685,Debagarh,Lucknow
686,686,Thiruvarur,Hathras
687,687,Pathankot,Kanpur Nagar
688,688,Aurangabad,Sonbhadra
689,689,Dindori,Jhansi
690,690,Dewas,Ghazipur
691,691,North East Delhi,Amethi
692,692,Khawzawl,Mirzapur
693,693,Tuensang,Lalitpur
694,694,Saran,Pilibhit
695,695,Aurangabad,Hamirpur
696,696,Tirunelveli,Sambhal
697,697,Sitamarhi,Chamoli
698,698,Gomati,Tehri Garhwal
699,699,Jajapur,Haridwar
700,700,Junagadh,Nainital
701,701,Faridkot,Champawat
702,702,Shajapur,Bageshwar
703,703,Amritsar,Dehradun
704,704,Thoubal,Udam Singh Nagar
705,705,Guna,Pauri Garhwal
706,706,Sehore,Almora
707,707,Hamirpur,Pithoragarh
708,708,Buxar,Rudra Prayag
709,709,Munger,Uttar Kashi
710,710,Gadchiroli,Maldah
711,711,Cuddalore,Medinipur East
712,712,Rajkot,Murshidabad
713,713,Fazilka,Paschim Bardhaman
714,714,Ambedkar Nagar,Jalpaiguri
715,715,Gurdaspur,Howrah
716,716,Mirzapur,Coochbehar
717,717,Bilaspur,Dinajpur Dakshin
718,718,Akola,Purulia
719,719,South Delhi,Alipurduar
720,720,Shrawasti,Kolkata
721,721,Hanumakonda,Medinipur West
722,722,Shupiyan,24 Paraganas South
723,723,Thrissur,Hooghly
724,724,Bageshwar,Kalimpong
725,725,Kalimpong,Purba Bardhaman
726,726,Palghar,Jhargram
727,727,Varanasi,24 Paraganas North
728,728,Vellore,Birbhum
729,729,Muzaffarnagar,Dinajpur Uttar
730,730,Garhwa,Nadia
731,731,Uttarkashi,Bankura
732,732,Pashchim Champaran,Darjeeling
