2,73,74,39,4,33,34,35,22,19,80,81,97,health_score,overall_health_condition
Longding,39.6,57.1,55.5,37.7,15.8,13.8,20.6,61.5,52.7,83.5,62.5,70.2,71.995,Moderate
South Andamans,85.9,88.1,89.8,43.2,21.1,17.4,12.6,81.7,79.0,89.3,97.9,86.7,91.32499999999999,Good
Lower Dibang Valley,48.6,58.6,58.4,39.4,14.3,9.7,7.6,84.4,77.8,89.9,99.5,80.0,80.68499999999999,Moderate
Spsr Nellore,73.0,95.5,94.3,68.6,29.2,27.8,17.2,81.1,69.4,81.8,95.6,70.5,83.885,Moderate
Kamle,36.902,64.246,62.783,53.057,32.583,11.527,11.716,78.908,75.368,82.213,97.05,69.914,74.10570000000001,Moderate
Leparada,31.173,59.263,58.814,37.837,30.133,17.574,13.772,85.547,65.239,84.586,97.085,69.825,73.12264999999998,Moderate
Visakhapatanam,58.6,84.8,90.9,58.9,31.0,33.5,21.5,95.1,76.5,77.8,91.8,69.5,80.095,Moderate
Lower Siang,32.156,58.834,59.798,38.366,24.545,13.57,12.203,84.505,58.169,86.006,98.298,78.711,74.81710000000001,Moderate
Dibang Valley,40.4,66.2,58.3,67.7,16.9,16.0,18.1,90.7,90.7,95.0,100.0,76.6,76.755,Moderate
Kurnool,74.3,87.8,87.3,61.1,50.5,46.3,16.7,84.1,69.0,73.5,97.9,57.0,77.13499999999999,Moderate
Guntur,62.5,94.0,97.2,54.6,23.8,26.9,17.8,92.5,76.2,83.4,99.3,68.5,85.69000000000001,Good
North And Middle Andaman,79.2,92.5,94.3,47.8,27.0,42.8,27.0,0.0,0.0,86.4,92.2,84.0,77.505,Moderate
Krishna,73.3,88.3,90.3,59.0,29.8,21.1,14.3,90.0,90.0,79.1,94.4,76.9,85.88,Good
Anjaw,32.3,55.8,57.3,42.2,23.6,16.0,14.3,97.6,97.6,86.8,86.6,66.4,74.905,Moderate
Kra Daadi,18.3,34.9,37.3,37.2,28.8,14.5,9.4,77.1,63.6,89.3,99.8,53.5,65.44500000000001,Moderate
Changlang,46.9,69.7,67.4,67.1,26.3,25.0,16.3,84.4,70.9,82.3,81.8,74.0,74.11500000000001,Moderate
Lohit,39.6,66.2,66.2,51.5,24.5,12.9,12.7,87.6,80.4,83.7,96.9,70.9,77.08000000000001,Moderate
East Godavari,51.0,91.9,93.5,65.2,23.1,22.4,14.3,76.7,66.3,77.7,97.9,77.9,81.95499999999998,Moderate
Anantapur,66.6,89.1,87.3,50.0,36.0,40.6,19.3,92.9,81.8,71.3,98.8,63.6,81.115,Moderate
Kurung Kumey,44.1,62.3,61.1,42.2,29.2,13.9,15.1,89.5,71.4,78.3,99.8,76.0,76.32,Moderate
Srikakulam,78.4,90.8,97.7,59.2,19.7,21.4,19.5,93.3,82.8,71.6,87.7,64.3,87.17000000000002,Good
Nicobars,71.7,85.1,92.5,48.0,21.6,24.6,15.7,67.3,69.1,83.5,98.8,87.5,86.00999999999998,Good
Prakasam,73.4,90.1,90.3,64.8,22.6,24.7,8.7,65.3,55.0,78.4,98.6,62.8,83.35000000000001,Moderate
Y.S.R.,82.8,92.3,91.3,60.2,34.4,26.7,14.1,88.7,84.9,85.4,99.9,63.8,86.27,Good
East Siang,34.3,55.7,58.8,40.4,24.6,10.3,8.6,81.9,59.0,83.9,97.3,81.9,74.96,Moderate
Chittoor,65.3,93.8,95.2,43.9,27.1,27.9,14.8,89.6,69.1,74.6,98.5,69.3,85.715,Good
East Kameng,29.1,53.6,54.6,39.5,35.7,14.2,15.8,77.8,71.9,75.6,93.6,59.1,69.46,Moderate
West Godavari,62.7,94.8,96.4,66.8,31.4,22.5,11.7,91.7,80.0,80.8,99.1,77.0,84.88499999999999,Moderate
Barpeta,43.6,70.5,73.9,70.7,29.8,26.2,19.5,83.8,67.5,63.7,98.1,74.8,72.78999999999999,Moderate
Dibrugarh,75.6,82.1,87.0,64.3,27.3,32.0,20.6,97.8,83.8,75.3,98.1,76.6,83.14999999999999,Moderate
Kolkata,71.7,72.8,84.6,61.4,29.6,32.9,29.3,91.0,84.7,60.9,99.3,87.6,79.51,Moderate
Bhadohi,25.8,69.5,67.5,39.7,42.7,26.5,9.1,80.6,69.1,68.8,96.7,69.7,71.355,Moderate
Tehri Garhwal,48.9,78.5,80.4,46.9,29.3,20.7,12.8,98.0,85.0,84.6,84.1,74.9,81.045,Moderate
Devbhumi Dwarka,76.6,90.1,88.3,50.9,30.2,36.2,26.1,80.1,81.0,73.4,93.9,66.1,82.71000000000001,Moderate
Nabarangpur,87.7,89.3,88.7,70.8,44.1,46.6,25.2,97.4,94.8,44.1,99.1,38.5,78.24,Moderate
Kottayam,55.1,85.0,83.5,38.1,23.4,17.3,8.4,0.0,0.0,98.6,97.1,99.7,79.245,Moderate
Sri Muktsar Sahib,57.9,88.1,89.4,67.7,35.0,30.7,13.6,79.5,57.6,82.9,97.8,71.1,78.83500000000001,Moderate
Sheopur,41.0,76.2,73.2,61.8,45.8,37.7,16.2,75.5,70.2,48.0,91.1,49.8,68.18999999999998,Moderate
East Jaintia Hills,58.6,49.1,45.0,40.6,49.8,23.6,8.5,83.8,80.8,83.6,74.6,76.0,70.85499999999999,Moderate
Palwal,53.4,82.7,83.0,59.7,31.0,21.0,9.9,86.7,75.0,80.3,96.7,68.3,80.355,Moderate
Thane,70.2,87.2,93.3,58.5,40.8,30.8,17.8,83.1,79.0,74.7,96.7,90.5,82.31,Moderate
Khagaria,17.4,54.2,52.2,65.1,34.8,36.4,25.3,82.6,73.1,65.0,98.8,51.8,61.625,Moderate
Dakshina Kannada,82.0,83.5,83.5,35.0,25.1,26.4,30.5,96.5,89.0,97.1,88.6,92.7,88.415,Good
Belagavi,63.7,87.0,85.6,48.5,32.8,36.9,23.6,91.8,87.0,67.7,94.4,74.0,81.09,Moderate
South Tripura,58.4,68.0,67.7,70.8,25.5,21.6,15.3,83.7,57.3,68.6,90.5,80.3,75.15500000000002,Moderate
South Garo Hills,33.3,65.9,61.7,65.0,29.8,20.8,18.3,89.6,94.7,88.4,60.4,88.6,72.255,Moderate
Paschim Bardhaman,70.4,64.1,70.5,65.6,39.7,41.0,25.5,89.4,62.4,71.5,95.2,73.5,72.66,Moderate
Nalanda,29.3,77.5,73.0,70.2,42.6,46.7,27.8,83.4,82.2,52.5,98.9,56.1,66.115,Moderate
Kullu,60.0,84.6,86.6,55.5,35.9,25.6,16.1,91.5,82.5,81.2,94.3,87.4,82.09,Moderate
Rampur,50.4,72.5,72.5,59.3,40.4,32.1,17.6,91.7,80.7,79.0,100.0,57.0,74.145,Moderate
Jhajjar,60.1,96.0,96.2,65.2,15.6,9.7,8.0,96.5,90.9,91.7,96.6,88.2,90.6,Good
Dimapur,50.083,68.693,64.693,36.686,28.3,29.794,25.001,74.609,61.319,81.105,92.398,86.607,75.69449999999999,Moderate
Rajsamand,60.7,82.6,79.2,63.3,30.3,23.7,16.6,86.7,79.1,72.1,94.8,67.7,79.53000000000002,Moderate
Kanniyakumari,84.2,86.0,88.2,39.3,17.3,14.5,11.4,100.0,96.0,96.2,98.2,97.7,94.64,Good
Sabar Kantha,73.2,86.9,83.9,73.8,37.0,41.0,33.1,93.1,88.5,61.0,90.7,74.5,77.45499999999998,Moderate
Majuli,72.2,73.5,73.5,65.5,35.4,22.2,14.1,90.9,84.3,65.6,98.6,83.4,79.855,Moderate
East Singhbum,40.7,84.0,85.9,69.4,35.9,41.6,29.4,91.9,90.1,70.2,89.7,73.8,73.655,Moderate
Chamoli,52.2,72.1,67.8,39.3,34.1,21.6,16.2,92.0,87.9,87.6,94.4,89.2,80.155,Moderate
Hathras,27.8,50.8,51.8,60.9,39.1,24.5,12.0,88.4,76.1,73.3,99.0,65.5,66.48,Moderate
Nalbari,55.9,73.8,73.2,66.8,27.5,26.7,15.4,87.7,73.4,68.1,99.5,83.9,77.38999999999999,Moderate
Bharatpur,33.2,75.9,76.8,61.7,40.3,29.1,12.2,83.0,77.4,62.7,93.9,61.1,71.605,Moderate
Mahisagar,76.6,90.9,91.1,79.4,43.4,49.0,26.2,90.9,84.6,44.4,94.8,70.9,76.545,Moderate
Hamirpur,59.4,88.9,96.8,48.2,27.3,23.6,14.9,85.2,74.3,85.5,98.0,94.8,86.05000000000003,Good
Basti,31.5,83.8,81.6,41.1,35.9,39.2,24.2,86.0,84.6,64.2,100.0,63.2,74.51999999999998,Moderate
Washim,60.0,83.4,83.4,53.9,35.3,39.3,31.7,88.0,79.0,61.5,73.7,78.0,76.075,Moderate
Bidar,55.3,89.6,86.5,51.7,36.8,36.1,22.1,81.8,87.2,56.5,98.9,73.8,78.785,Moderate
Bhopal,64.6,89.5,86.6,54.6,19.9,29.1,20.6,87.47797252747252,80.58622527472527,79.6,96.7,80.0,84.57820989010989,Moderate
Jogulamba Gadwal,72.9,88.3,88.2,66.9,49.7,41.7,17.3,93.5,86.9,73.7,97.0,45.0,77.76,Moderate
Ranipet,95.4,98.6,96.7,47.2,29.8,19.7,13.1,95.5,93.9,76.2,97.7,81.6,93.54500000000002,Good
Barabanki,22.6,41.5,42.4,61.1,41.9,31.9,18.1,78.2,74.7,62.4,98.8,56.1,59.97,Poor
Jaipur,53.5,89.4,92.6,53.6,25.0,20.8,14.6,98.6,89.3,79.6,99.9,72.4,85.03500000000001,Good
Kangpokpi,65.01,37.24,36.224,23.861,27.256,12.907,10.705,75.233,70.94,84.276,64.528,81.94,73.97005,Moderate
Kozhikode,91.8,91.0,89.0,32.6,21.3,18.9,14.1,90.7,96.2,99.6,93.3,99.1,95.51,Good
Kiphire,5.8,31.9,33.5,36.0,36.9,25.0,11.0,66.2,53.1,83.1,90.9,73.7,59.620000000000005,Poor
Ri Bhoi,61.0,39.5,39.3,57.1,42.5,29.6,17.9,80.9,77.1,85.3,86.2,89.5,68.12,Moderate
Pathanamthitta,83.9,95.2,93.2,20.9,22.7,11.2,11.4,0.0,0.0,98.9,94.1,99.7,88.065,Good
Rajanna Sircilla,67.1,89.9,90.1,61.4,22.4,26.1,19.4,94.8,86.1,77.4,98.7,64.7,84.59500000000001,Moderate
Jangoan,65.4,85.6,96.5,58.8,33.4,30.9,22.9,94.7,84.2,84.3,99.4,65.5,82.435,Moderate
Narmada,83.4,87.2,87.6,83.0,47.2,52.8,23.0,84.6,82.8,54.6,96.8,67.3,75.69500000000001,Moderate
Darrang,37.5,53.2,66.3,69.9,42.0,33.1,27.0,82.2,68.7,67.9,99.7,75.6,65.64,Moderate
Mancherial,64.7,87.7,85.3,62.3,25.9,27.4,22.1,87.5,83.0,78.1,95.6,69.5,82.01,Moderate
Banas Kantha,56.1,86.1,87.4,65.8,39.0,44.1,25.5,63.7,52.2,53.9,93.6,63.7,72.03500000000003,Moderate
East District,43.8,65.8,59.2,44.6,17.8,13.0,14.3,0.0,0.0,85.0,93.6,90.1,70.935,Moderate
Udaipur,62.3,96.6,95.2,63.3,34.0,26.6,8.6,91.9,88.5,60.3,92.7,62.0,83.175,Moderate
Kalahandi,82.9,94.0,90.1,66.4,33.0,33.6,17.2,98.1,93.0,64.4,96.5,61.8,84.56500000000001,Moderate
Rajouri,71.9,78.7,75.8,72.0,30.3,32.4,22.5,96.9,95.0,63.3,77.7,79.4,78.55000000000001,Moderate
Lawngtlai,33.0,46.2,28.4,45.5,32.7,16.9,16.2,76.8,75.3,90.3,82.2,76.0,66.985,Moderate
Mandla,54.4,84.2,83.5,64.2,32.1,33.0,15.9,93.1,92.3,58.4,79.7,66.5,77.515,Moderate
Thanjavur,93.672,93.753,97.053,59.765,19.681,21.966,8.447,89.465,78.63,79.547,99.667,83.815,92.4053,Good
Nashik,66.4,76.5,83.4,56.2,42.2,44.8,27.2,76.2,74.3,68.3,86.3,80.0,74.88000000000002,Moderate
Jodhpur,56.7,81.6,83.9,50.1,32.6,25.4,13.3,89.0,87.2,75.4,96.5,67.4,81.14,Moderate
Balrampur,52.1,78.6,72.7,55.6,35.1,38.8,23.0,89.2,76.1,57.3,84.4,65.4,73.49,Moderate
Peren,14.5,46.9,45.1,29.5,34.9,20.7,9.1,74.2,71.9,89.4,92.5,77.6,67.835,Moderate
Sangli,80.1,95.6,95.0,42.5,35.0,27.2,18.6,89.2,81.4,84.7,96.8,90.3,88.89500000000001,Good
Coimbatore,90.038,95.345,98.491,51.204,23.052,18.57,7.152,98.213,98.152,78.571,99.85,89.296,94.71025,Good
Kaithal,68.8,95.3,93.9,64.3,29.9,29.9,20.7,91.9,76.4,89.7,98.5,70.9,84.39999999999999,Moderate
Kurukshetra,59.8,95.3,96.5,57.7,24.9,22.5,12.8,94.6,73.6,82.6,99.9,83.0,86.565,Good
Hassan,75.8,92.6,86.1,34.2,27.1,23.8,15.2,100.0,96.8,87.9,96.8,82.0,90.66,Good
West Khasi Hills,64.0,42.0,41.4,40.4,59.0,31.1,8.0,71.5,67.6,87.8,80.5,87.4,67.98,Moderate
Sangrur,47.7,86.6,87.9,62.7,23.4,18.1,10.4,95.9,95.8,92.4,99.7,78.3,84.41000000000001,Moderate
Bargarh,70.1,92.7,94.0,66.8,38.9,30.0,18.0,97.8,95.9,61.9,98.0,71.6,82.76500000000001,Moderate
Chamarajanagara,84.1,94.2,93.2,52.9,32.2,28.7,18.0,97.9,95.5,75.2,99.9,72.4,88.32000000000002,Good
Thiruvallur,85.4,90.3,95.2,64.4,18.1,20.6,17.0,98.0,95.7,75.6,100.0,83.6,90.60499999999999,Good
Salem,85.0,92.9,96.0,40.9,23.6,20.8,10.1,84.3,84.4,64.5,97.6,81.6,91.185,Good
Kohima,28.3,58.9,55.6,18.2,28.3,22.1,26.9,86.6,86.1,87.4,89.9,95.2,74.93500000000002,Moderate
Kalaburagi,53.6,79.6,78.1,61.4,34.5,36.2,25.0,84.0,81.9,36.5,92.5,68.2,73.50999999999999,Moderate
Ghazipur,29.2,71.5,69.1,49.8,39.3,38.3,25.7,76.5,67.6,64.1,99.3,72.4,68.73500000000001,Moderate
Unnao,19.8,54.2,60.6,49.6,39.2,29.3,12.1,76.7,63.2,60.3,98.5,64.4,65.335,Moderate
Purba Bardhaman,80.5,65.2,75.0,78.2,32.7,31.6,21.1,100.0,97.2,64.2,99.1,73.2,78.04499999999999,Moderate
Chandauli,32.9,65.2,63.5,52.4,39.5,29.9,17.4,82.7,72.6,66.7,97.5,70.6,69.67500000000001,Moderate
Darjeeling,79.2,73.9,84.7,60.1,34.3,31.6,20.6,100.0,95.9,83.0,90.8,77.0,82.39500000000001,Moderate
Dima Hasao,46.9,73.8,76.8,70.9,30.6,21.7,23.6,71.7,73.6,83.8,50.2,87.7,72.92500000000001,Moderate
Lahul And Spiti,65.6,81.1,81.0,85.8,28.5,18.4,16.3,92.9,79.8,61.7,89.2,86.2,79.27,Moderate
Dholpur,42.4,79.4,84.9,67.4,45.7,31.3,13.7,97.0,89.7,57.5,94.8,57.7,73.5,Moderate
Bandipora,82.6,82.6,81.9,73.2,25.2,16.8,14.0,93.4,91.6,66.8,89.8,66.6,84.19999999999999,Moderate
Dhule,63.2,77.2,74.9,59.8,37.6,46.0,38.9,67.7,62.3,58.9,89.9,68.8,70.82000000000001,Moderate
Udam Singh Nagar,75.9,82.0,80.8,51.6,26.8,22.0,12.4,90.1,83.2,70.9,99.9,70.4,84.87,Moderate
Sivaganga,90.932,89.153,92.552,36.667,27.51,28.327,22.637,95.728,91.156,74.459,96.536,85.283,90.53645,Good
Kendrapara,77.1,85.5,91.7,57.6,28.6,17.9,7.9,88.9,87.7,57.3,99.7,84.4,86.83,Good
Surat,93.4,96.7,95.3,76.2,36.1,32.5,26.0,95.2,92.8,82.0,98.9,84.2,86.81500000000001,Good
Anugul,83.7,84.8,85.1,85.7,28.1,30.5,25.1,96.1,88.8,66.4,76.2,72.4,80.435,Moderate
Malappuram,90.4,96.9,95.1,38.1,29.4,21.4,18.2,86.3,86.3,99.9,97.7,99.2,93.89499999999998,Good
Darbhanga,24.9,50.5,50.9,59.7,45.4,39.2,19.3,81.9,69.0,48.7,99.8,49.4,60.21,Moderate
Pilibhit,43.6,72.6,71.2,58.4,38.9,39.4,20.1,95.6,92.3,76.8,100.0,54.7,72.89500000000001,Moderate
Tikamgarh,64.2,86.9,86.5,56.4,27.5,34.9,19.7,89.8,84.5,56.6,80.0,67.7,80.02,Moderate
East,89.7,90.0,88.4,44.6,35.2,29.9,15.7,90.4,78.7,78.0,98.4,83.0,87.92000000000002,Good
Deoghar,30.7,55.6,56.4,67.2,41.7,36.9,17.7,73.0,62.6,41.6,90.8,50.7,61.08500000000001,Moderate
Seoni,64.5,93.4,94.9,58.9,23.5,31.1,21.1,93.4,90.3,56.2,79.1,71.6,83.07,Moderate
Wokha,34.7,50.7,45.4,47.9,26.3,28.0,23.5,66.4,52.3,88.5,83.4,91.6,67.575,Moderate
Jalore,71.2,87.6,87.0,73.8,44.3,36.5,12.1,87.7,84.5,77.4,98.3,60.4,79.05000000000001,Moderate
Patiala,72.0,81.8,81.3,66.8,20.3,16.9,9.9,89.0,76.6,88.1,99.1,76.6,85.265,Good
Pali,45.0,96.4,94.7,69.7,35.9,35.9,18.3,97.4,91.5,81.8,96.2,74.4,79.97000000000001,Moderate
Nuapada,71.7,85.9,86.5,64.6,43.1,38.0,18.1,100.0,97.0,58.4,97.5,53.5,79.07499999999999,Moderate
Surajpur,48.9,83.0,81.2,53.1,27.6,32.3,19.3,83.3,79.7,75.4,83.4,66.9,77.73,Moderate
Noklak,4.4,29.5,30.2,28.5,37.1,34.2,24.6,53.3,47.6,92.0,90.4,77.8,56.865,Poor
Chikkaballapura,90.5,91.2,90.5,46.9,31.3,25.2,16.1,92.4,81.2,84.9,98.1,76.3,89.43500000000002,Good
Bijapur,56.9,64.9,58.2,68.7,53.8,46.1,20.0,83.8,84.6,30.6,94.3,44.7,64.44,Moderate
Vizianagaram,71.4,83.9,89.2,73.9,36.4,32.2,19.2,92.5,76.8,61.7,93.1,58.3,78.345,Moderate
Kanpur Nagar,69.9,71.1,70.6,63.0,34.6,27.8,21.4,78.6,77.4,77.5,98.8,81.3,77.47999999999999,Moderate
Anantnag,80.9,85.1,81.3,88.0,28.2,28.3,24.9,90.5,85.5,84.7,99.3,74.7,81.415,Moderate
Theni,98.662,97.095,97.805,35.725,20.194,18.863,15.542,97.321,95.9,74.347,99.892,85.674,96.75865,Good
Solapur,81.9,89.6,89.2,60.2,36.3,32.9,23.2,88.3,85.1,67.8,90.4,76.4,82.97,Moderate
Datia,54.2,82.0,82.2,59.5,36.8,29.4,16.4,88.6,81.5,66.8,95.8,67.2,77.595,Moderate
Agar Malwa,76.5,89.9,92.9,56.4,40.3,35.7,18.7,84.2,81.3,72.3,81.4,55.5,80.85999999999999,Moderate
Budaun,40.6,62.4,59.4,55.6,51.8,43.0,18.2,86.5,73.1,69.7,99.8,49.7,65.88000000000001,Moderate
Beed,56.8,79.8,80.6,48.0,40.8,36.8,28.4,89.8,78.0,66.4,85.4,76.3,75.90499999999999,Moderate
Dhubri,37.6,48.4,54.5,65.2,48.5,37.8,21.5,84.0,77.3,61.8,96.7,69.5,63.09,Moderate
Banda,39.0,73.7,65.1,54.5,51.0,49.8,25.7,80.1,65.6,59.3,98.2,57.0,65.77499999999999,Moderate
Dang,90.2,80.1,80.1,77.1,37.6,53.1,40.9,91.3,91.3,71.7,91.2,68.9,76.52499999999998,Moderate
Bankura,75.7,67.2,76.5,80.3,30.3,38.8,26.0,93.5,94.1,49.2,96.3,68.3,75.1,Moderate
Sirsa,61.9,97.4,98.4,64.9,25.0,23.4,12.6,87.47797252747252,80.58622527472527,81.9,99.3,70.6,85.88820989010989,Good
Kolasib,66.0,71.5,41.8,30.1,30.4,12.6,11.3,83.1,90.9,96.8,95.3,96.9,82.995,Moderate
Ganganagar,58.7,85.9,84.6,67.2,24.5,26.1,24.9,95.6,91.1,83.4,94.4,69.3,81.34499999999998,Moderate
Kanchipuram,76.1,87.3,93.0,62.7,20.6,19.8,15.7,88.4,74.8,75.9,99.4,82.6,86.955,Good
Ambala,57.4,86.9,86.9,49.2,24.1,13.7,10.9,93.3,81.4,87.2,99.3,85.0,86.65000000000002,Good
Krishnagiri,93.1,95.5,94.0,39.4,29.0,19.3,10.4,91.1,87.3,75.9,99.8,78.6,93.06499999999997,Good
Gandhinagar,71.0,88.2,89.0,72.8,38.1,44.6,30.6,92.4,81.5,84.6,99.7,81.8,79.265,Moderate
Ranchi,35.2,83.1,84.5,61.7,28.3,40.6,32.7,82.6,78.0,77.2,86.3,76.0,73.455,Moderate
North Garo Hills,24.3,40.5,41.8,65.2,35.6,15.8,11.7,58.1,54.7,84.9,51.5,86.1,61.055,Moderate
Sivasagar,80.9,73.8,83.4,67.2,26.1,25.9,21.1,90.5,81.9,82.3,92.7,86.6,82.91000000000001,Moderate
Jalna,58.4,74.0,78.9,54.6,38.0,39.0,22.2,75.9,66.4,63.6,82.8,71.8,73.495,Moderate
Mahabubabad,67.7,91.5,94.3,70.3,33.0,26.3,19.3,87.4,76.1,68.6,98.2,58.0,81.185,Moderate
Rohtas,34.2,85.0,80.7,66.3,40.0,48.2,31.8,95.8,86.8,69.0,99.6,76.5,71.70500000000001,Moderate
Burhanpur,63.1,84.6,84.8,66.5,38.7,47.2,27.9,92.9,91.7,74.0,96.0,64.7,76.635,Moderate
Bilaspur,46.9,75.7,78.6,63.9,25.7,28.0,24.0,80.1,65.8,80.5,93.6,72.8,75.44500000000001,Moderate
Wardha,70.4,89.9,90.5,63.5,27.7,31.3,28.1,97.4,95.0,80.2,98.5,93.0,84.855,Moderate
Gwalior,68.9,81.3,85.8,66.6,40.1,33.0,12.4,82.2,82.2,83.2,98.6,76.0,80.00500000000001,Moderate
Yadadri Bhuvanagiri,67.2,93.2,94.9,60.1,38.3,27.2,10.3,90.0,80.2,81.9,99.7,68.4,84.05500000000002,Moderate
Maharajganj,52.5,77.2,76.4,43.4,40.5,37.4,21.8,91.9,82.7,66.7,100.0,62.0,75.92499999999998,Moderate
Coochbehar,77.3,71.9,79.7,71.2,28.7,22.5,16.8,97.0,97.0,75.7,99.3,79.2,82.40499999999999,Moderate
Ballari,56.4,86.6,84.2,58.5,36.1,36.5,22.9,89.4,77.8,64.1,94.7,64.4,77.18499999999999,Moderate
Faridabad,51.2,93.5,93.3,55.9,28.9,19.5,8.0,85.1,74.4,84.2,97.9,82.3,84.55499999999998,Moderate
Barnala,63.8,86.0,87.0,56.5,33.8,16.5,9.4,86.8,75.5,90.7,99.8,77.9,84.395,Moderate
Lakhimpur,51.7,67.7,77.0,71.5,38.5,34.4,18.2,86.3,74.3,74.2,81.2,83.9,72.41999999999999,Moderate
South Salmara Mancachar,35.3,62.6,56.1,64.5,38.9,27.9,18.2,85.3,74.1,59.0,98.2,63.5,67.405,Moderate
Sonbhadra,36.4,59.9,57.4,44.2,38.3,46.5,26.8,81.5,80.2,70.6,89.6,60.9,66.83,Moderate
Pudukkottai,91.6,95.4,94.5,61.8,32.2,21.6,9.5,94.6,90.7,55.2,95.7,81.1,89.245,Good
Sambhal,32.9,67.5,67.5,57.3,51.6,29.8,14.1,91.3,84.7,72.8,100.0,51.3,68.955,Moderate
Gopalganj,27.9,53.9,54.2,54.1,34.2,29.2,21.5,89.6,79.0,60.1,99.9,63.3,66.67500000000001,Moderate
Namsai,35.4,51.2,52.0,58.5,28.7,17.7,12.4,79.3,70.9,75.1,93.5,62.6,69.095,Moderate
Siang,31.1,56.0,55.4,23.4,21.3,8.8,12.1,77.5,60.3,91.2,96.3,85.3,76.50999999999999,Moderate
Jagatsinghapur,82.6,89.2,92.1,60.9,13.2,11.0,10.7,97.9,93.4,60.1,99.5,84.8,91.52499999999998,Good
Bijnor,48.8,82.4,81.9,46.8,36.2,21.9,9.4,92.6,90.6,78.2,99.7,72.8,81.325,Moderate
Simdega,34.4,61.5,62.3,69.5,42.2,37.0,21.1,91.5,83.9,71.3,66.7,66.4,65.51500000000001,Moderate
Ajmer,52.8,82.3,82.0,54.4,22.3,23.1,20.0,93.5,80.5,77.5,98.1,68.4,81.27000000000001,Moderate
Longleng,15.4,28.5,28.5,43.1,34.1,25.7,19.8,73.3,57.5,86.6,76.3,82.0,59.245,Poor
Dohad,70.9,87.2,87.0,79.7,55.3,53.0,27.8,75.0,68.5,35.9,91.0,56.1,69.39500000000001,Moderate
Diu,90.7,93.0,93.1,62.0,33.9,28.5,17.4,100.0,92.9,89.7,99.7,90.8,89.645,Good
Ramban,79.2,71.3,70.1,76.4,25.7,21.2,15.6,82.1,80.5,48.9,73.4,62.2,76.76500000000001,Moderate
Vikarabad,54.8,80.8,86.9,62.0,32.1,37.1,20.0,93.6,87.7,66.7,99.7,59.3,77.655,Moderate
Kumuram Bheem Asifabad,68.8,85.5,81.9,74.5,38.1,41.1,35.7,96.4,78.2,54.0,93.6,51.7,74.18499999999999,Moderate
Palakkad,68.4,97.5,93.2,43.3,29.7,27.7,21.7,77.0,57.0,99.0,94.7,94.4,86.585,Good
Sonipat,64.1,94.5,92.5,52.8,23.6,12.7,9.2,90.1,83.0,86.7,97.2,87.3,89.24499999999999,Good
Central,73.1,84.9,90.1,54.6,33.5,25.5,13.5,89.9,84.4,77.0,99.7,83.5,85.05,Good
Kheri,48.0,60.5,55.7,52.5,47.6,36.3,15.8,78.4,69.5,65.6,99.9,57.5,67.79,Moderate
Baramulla,75.2,80.1,76.0,75.3,23.2,17.3,18.2,84.1,76.6,77.7,93.3,67.9,81.31500000000001,Moderate
Jalpaiguri,88.4,74.8,82.5,66.6,28.9,25.4,18.3,96.6,89.5,73.2,95.2,73.6,83.77000000000001,Moderate
Sidhi,39.4,79.7,75.9,59.6,39.1,32.8,16.6,92.3,88.0,44.7,83.7,64.4,72.345,Moderate
Imphal East,87.1,85.4,81.0,36.0,18.4,14.4,11.7,81.9,79.0,59.5,90.2,90.0,90.035,Good
Moga,58.4,87.4,88.2,60.8,22.0,16.8,12.0,87.3,80.6,87.8,99.2,74.7,84.91000000000001,Moderate
Kollam,79.3,91.4,89.5,24.5,15.5,17.0,21.4,89.1,95.6,97.5,95.7,98.2,94.74499999999999,Good
Hyderabad,69.9,91.2,94.9,70.6,30.4,18.9,17.7,77.9,76.3,84.4,99.6,83.6,84.465,Moderate
Kishanganj,17.1,40.7,42.1,62.6,38.8,41.1,23.9,82.0,70.2,52.4,100.0,48.0,56.92999999999999,Poor
Neemuch,60.6,93.3,92.9,57.7,33.0,27.7,13.1,91.4,88.7,68.9,91.7,67.3,82.97499999999997,Moderate
Jhansi,36.6,80.4,76.1,40.2,40.9,39.3,25.2,73.6,55.0,73.2,96.8,69.2,71.94500000000001,Moderate
Siddharth Nagar,60.9,61.8,57.2,50.9,37.2,36.3,24.8,87.9,70.1,42.8,99.9,48.3,69.79500000000002,Moderate
Gautam Buddha Nagar,52.7,85.4,84.0,57.8,25.5,21.9,12.0,87.6,69.7,74.0,99.9,79.9,81.67500000000001,Moderate
Koderma,47.6,75.8,78.0,61.2,34.6,31.7,18.0,85.0,76.1,54.0,83.9,63.6,73.16,Moderate
South District,84.5,83.1,81.1,54.6,24.8,7.2,8.0,86.4,89.5,91.7,93.3,90.5,90.12,Good
Sonitpur,45.5,63.5,67.4,55.5,36.7,21.9,13.1,80.4,76.5,72.2,82.9,76.9,72.98000000000002,Moderate
Mysuru,85.7,93.5,88.6,41.7,27.5,28.2,15.6,100.0,100.0,86.4,95.4,78.9,91.1,Good
Sultanpur,47.0,70.5,69.4,45.4,33.4,28.3,10.7,89.3,81.3,65.1,99.5,71.9,76.46999999999998,Moderate
Birbhum,78.4,67.5,81.7,78.6,37.0,41.8,25.5,98.4,84.8,55.0,99.4,70.8,75.33500000000001,Moderate
Sundargarh,73.1,79.7,82.0,79.8,32.9,34.7,21.1,88.8,82.0,65.5,91.5,70.8,77.555,Moderate
Nayagarh,90.3,96.2,96.1,61.2,20.0,20.2,10.5,98.2,96.1,67.1,82.9,80.4,91.63000000000001,Good
Rudra Prayag,76.5,83.6,82.2,43.1,25.2,10.9,8.0,95.5,91.4,86.8,93.9,86.1,89.94,Good
Korea,70.0,78.2,71.5,48.3,32.1,31.8,18.1,92.5,90.4,73.3,87.6,74.8,80.675,Moderate
Sangareddy,66.4,84.7,89.0,59.5,32.9,35.1,25.0,89.7,81.4,68.0,99.4,63.6,79.775,Moderate
Karimnagar,69.6,89.5,95.9,73.2,30.3,27.5,13.9,94.0,82.1,78.8,98.3,70.3,83.625,Moderate
Bastar,55.1,69.2,64.6,80.3,48.1,45.2,20.4,81.4,61.8,61.0,94.1,52.9,65.86,Moderate
Mungeli,67.3,74.4,66.6,53.7,30.1,30.6,17.7,89.2,83.9,80.7,98.0,66.5,79.11500000000001,Moderate
Nawada,31.6,74.1,80.5,73.7,49.4,37.3,18.2,87.5,79.0,47.9,99.3,62.1,67.36500000000001,Moderate
Lohardaga,37.7,79.2,82.1,59.4,40.7,43.4,26.6,95.2,92.9,67.7,78.4,65.2,71.67000000000002,Moderate
Gariyaband,57.8,86.3,82.3,63.2,28.9,22.1,21.9,94.2,85.4,81.0,96.8,68.9,81.10499999999999,Moderate
Vijayapura,56.4,74.4,74.8,52.6,45.9,39.0,15.0,81.8,81.4,44.8,92.5,66.6,72.91,Moderate
Jhargram,63.1,79.7,80.9,84.5,31.1,40.0,30.3,89.3,80.1,58.3,95.5,70.9,74.07000000000002,Moderate
Tapi,91.0,90.0,89.9,72.8,41.7,51.8,36.6,100.0,100.0,70.2,99.0,72.0,80.825,Moderate
Kanpur Dehat,54.4,67.9,62.6,55.6,44.1,32.8,12.5,73.5,63.9,70.6,99.4,70.8,71.81,Moderate
Dausa,53.6,89.7,93.1,61.6,37.7,33.5,20.7,96.1,95.0,59.4,99.4,60.3,79.08,Moderate
Pauri Garhwal,39.6,64.0,70.7,44.3,30.0,18.8,12.0,90.2,81.7,83.3,83.5,84.0,76.735,Moderate
Chengalpattu,76.1,87.3,93.0,62.7,20.6,19.8,15.7,88.4,74.8,75.9,99.4,82.6,86.955,Good
Gajapati,83.0,78.2,74.2,64.3,43.4,34.3,16.1,94.4,92.6,58.3,78.1,47.6,77.17,Moderate
Hoshangabad,31.5,67.6,71.8,52.1,34.8,27.2,19.5,87.9,79.0,68.5,93.5,67.6,71.77,Moderate
Lucknow,53.1,78.7,71.3,52.8,32.1,25.5,11.5,78.7,73.1,80.4,99.8,78.4,78.625,Moderate
Raisen,56.6,88.8,89.0,69.4,30.4,25.4,21.1,87.47797252747252,80.58622527472527,69.6,92.4,75.2,79.82320989010991,Moderate
Jalgaon,58.4,74.5,78.5,69.4,36.3,36.9,30.5,74.6,75.8,59.7,94.3,76.5,72.70500000000001,Moderate
Kokrajhar,36.9,68.3,65.5,63.7,34.6,35.2,20.5,79.5,59.9,72.2,87.3,73.7,68.83,Moderate
Chhotaudepur,81.2,91.1,87.4,80.3,48.6,48.1,28.4,89.3,85.7,53.0,97.4,53.2,75.545,Moderate
Panch Mahals,88.7,88.0,89.2,71.7,47.1,51.9,35.7,96.9,96.6,58.9,91.0,71.7,78.185,Moderate
South Goa,96.0,99.5,98.0,42.5,28.3,21.0,21.4,0.0,0.0,88.2,99.0,93.8,85.44,Good
Bharuch,65.7,78.8,81.7,69.8,40.9,45.5,24.5,87.3,83.8,77.7,97.2,74.0,75.73,Moderate
Mahe,85.0,96.8,93.6,43.5,48.2,32.6,7.3,100.0,100.0,99.8,98.0,99.6,90.93,Good
Supaul,30.9,60.7,64.2,63.2,42.3,45.0,25.8,85.5,76.8,50.7,99.7,42.1,63.154999999999994,Moderate
Sirmaur,85.2,88.7,85.5,54.1,28.6,24.2,18.5,100.0,96.8,84.3,95.7,84.9,88.75000000000001,Good
Sagar,35.9,71.5,79.8,49.7,42.7,35.8,15.2,88.3,79.2,68.8,86.7,69.4,72.235,Moderate
Kolhapur,81.8,95.2,91.5,42.8,33.6,34.7,18.9,76.4,74.5,82.0,97.3,90.7,87.06499999999998,Good
Shahjahanpur,35.3,62.8,63.6,58.7,44.5,34.7,17.0,89.1,80.8,69.2,100.0,56.8,68.155,Moderate
Ashoknagar,57.9,77.8,76.4,45.0,32.6,31.1,19.7,80.3,72.5,53.7,90.1,57.0,76.20499999999998,Moderate
Tinsukia,63.1,73.6,77.8,71.5,32.8,32.2,21.5,95.1,82.8,66.7,96.8,70.5,76.44000000000001,Moderate
Kheda,61.2,85.1,83.2,77.6,37.3,39.5,30.9,86.9,74.3,63.3,97.7,70.9,74.52500000000002,Moderate
Nuh,45.9,65.9,66.9,66.4,44.4,37.3,14.2,65.7,57.8,71.7,97.1,41.9,66.72,Moderate
Mahesana,56.6,79.7,83.4,77.7,31.0,41.4,28.2,85.1,81.9,72.1,97.0,75.1,74.96499999999999,Moderate
Lunglei,56.7,67.1,39.4,34.2,26.5,11.1,9.5,85.0,82.2,95.6,96.0,91.6,80.575,Moderate
Chatra,32.4,61.2,59.1,55.7,42.2,39.8,17.2,78.7,73.6,48.1,83.3,57.7,64.42,Moderate
Khordha,91.0,95.4,93.6,71.5,17.1,16.9,13.2,96.6,92.4,73.2,94.6,84.9,91.68,Good
Nandurbar,58.2,74.4,74.2,69.2,45.8,57.2,30.7,86.5,77.0,54.1,94.6,57.7,68.22500000000001,Moderate
Nanded,53.5,76.1,79.3,63.1,36.0,35.2,19.0,81.2,82.3,68.0,94.8,71.9,75.15,Moderate
Koraput,79.2,83.5,83.9,60.4,43.1,33.5,15.9,100.0,98.0,39.4,89.5,40.6,78.72500000000001,Moderate
Goalpara,44.1,73.5,80.0,66.9,38.9,35.4,24.3,90.6,71.9,75.3,90.7,74.1,72.27499999999999,Moderate
Champhai,63.4,72.3,52.1,31.6,27.2,13.1,12.1,92.7,87.7,98.3,98.6,97.7,84.55500000000002,Moderate
Panchkula,76.9,95.3,97.3,64.8,21.8,19.3,12.0,97.1,85.1,82.6,99.2,84.9,90.125,Good
Chandel,66.6,55.0,51.1,37.8,34.0,14.7,8.3,60.6,69.3,85.2,68.6,80.2,75.36500000000002,Moderate
Shivpuri,52.7,88.1,84.7,54.6,39.2,36.1,18.4,78.4,68.7,55.5,86.8,56.7,75.105,Moderate
Jamui,37.9,66.7,69.8,75.9,43.0,37.5,19.4,85.7,68.2,37.6,90.5,48.7,64.47500000000001,Moderate
Bengaluru Urban,74.6,88.0,88.2,45.1,31.3,28.1,19.2,85.4,78.2,90.4,99.2,87.3,86.3,Good
Anuppur,63.6,85.6,85.8,43.6,24.0,30.7,18.4,88.5,90.6,69.4,79.8,72.1,83.10999999999999,Moderate
Balaghat,69.1,92.1,86.1,56.7,41.9,44.9,20.5,91.8,89.8,79.6,83.3,77.4,80.39,Moderate
Bhiwani,60.4,91.5,91.2,67.1,29.0,20.6,6.0,95.7,78.6,89.7,97.5,78.8,85.2,Good
Palamu,33.8,70.3,70.1,63.3,43.7,37.3,18.4,92.5,82.1,46.3,94.9,62.5,68.085,Moderate
Marigaon,42.0,67.9,72.6,71.8,43.2,30.5,16.1,87.0,77.0,62.3,94.6,78.7,70.405,Moderate
Latur,72.6,93.3,92.5,56.5,43.2,33.9,18.0,88.9,83.0,72.5,94.6,83.3,82.93,Moderate
Kathua,31.6,81.2,77.1,71.8,21.8,25.9,22.5,100.0,100.0,75.4,96.1,87.7,77.3,Moderate
Surendranagar,57.5,78.4,73.4,56.9,39.2,41.8,27.1,78.4,67.8,63.8,96.9,75.1,73.365,Moderate
Buldhana,72.7,86.7,84.8,66.8,45.0,47.2,31.7,90.1,91.8,68.9,89.7,79.9,77.09000000000002,Moderate
Kupwara,89.2,90.5,89.6,81.0,24.9,25.5,25.1,98.3,93.2,67.7,88.0,76.0,85.18,Good
Panna,30.9,73.5,74.6,63.1,45.1,39.2,23.2,76.4,70.1,43.8,85.5,55.7,65.38,Moderate
Cachar,32.7,57.3,61.4,57.6,28.7,38.2,30.7,76.9,74.4,57.6,43.8,77.2,64.18,Moderate
Singrauli,58.1,72.2,66.7,60.1,37.3,36.0,25.2,79.6,78.7,52.6,77.9,60.7,70.965,Moderate
Chhatarpur,36.9,72.2,79.8,67.1,45.1,34.6,17.5,87.1,79.6,55.5,86.5,60.5,69.11999999999999,Moderate
Sheikhpura,28.4,77.1,78.7,73.9,53.6,37.6,16.3,88.7,85.6,54.2,98.4,55.0,66.97,Moderate
Leh Ladakh,69.6,80.8,78.6,96.8,24.3,19.0,17.2,88.9,88.9,42.4,87.1,76.4,77.66000000000003,Moderate
Dantewada,68.2,84.9,84.9,75.7,45.6,45.8,19.4,83.8,85.8,60.5,95.1,49.3,74.25000000000001,Moderate
Haveri,58.7,92.4,85.4,51.5,29.9,35.0,17.7,97.2,95.7,68.9,99.1,71.5,82.91999999999999,Moderate
Bikaner,50.5,81.2,80.8,63.6,22.8,28.5,25.6,85.1,80.4,79.8,94.9,62.5,77.78,Moderate
Bhadradri Kothagudem,70.1,87.1,85.4,79.3,28.4,25.3,21.8,96.1,86.7,75.3,99.1,68.7,81.51499999999999,Moderate
Firozabad,39.3,73.7,72.0,61.8,46.9,25.6,9.5,79.7,72.1,69.0,99.4,71.4,72.005,Moderate
Tiruvannamalai,97.7,98.1,98.6,49.3,30.6,25.0,14.8,97.1,97.1,61.7,98.5,79.8,92.43999999999998,Good
Jhunjhunu,49.2,84.6,86.6,57.0,20.9,19.6,13.9,94.6,90.2,79.0,98.4,74.4,83.375,Moderate
Nainital,59.7,75.9,76.3,38.0,23.2,14.8,14.0,84.4,84.8,82.4,93.0,83.9,84.23500000000001,Moderate
Nalgonda,65.7,92.2,95.3,60.6,31.7,28.0,29.8,94.1,81.2,76.4,99.2,62.6,82.29500000000002,Moderate
24 Paraganas North,89.9,87.8,92.4,68.4,32.4,23.6,13.3,95.0,92.8,80.4,99.5,85.5,88.16499999999999,Good
Gorakhpur,56.3,79.1,73.9,55.8,29.6,33.7,23.3,85.5,74.9,69.6,99.8,68.8,76.91,Moderate
Etah,33.6,60.2,61.6,60.9,48.8,30.6,15.0,88.9,60.5,62.7,99.8,67.8,66.245,Moderate
Saharanpur,52.4,83.6,79.1,46.9,28.8,26.7,22.0,93.7,91.0,83.8,99.7,71.2,81.39999999999999,Moderate
Pithoragarh,58.7,82.0,82.7,30.2,25.6,20.6,12.4,100.0,96.0,84.5,90.9,87.6,87.16499999999999,Good
Mahoba,46.2,86.3,80.8,53.5,42.3,33.4,25.0,78.2,78.8,69.0,94.3,65.6,74.715,Moderate
Meerut,49.9,81.2,81.2,45.1,32.1,23.7,10.2,92.4,83.3,82.7,99.7,79.0,81.92500000000003,Moderate
Almora,44.3,78.1,79.6,31.8,26.0,22.9,17.0,96.3,85.1,89.2,93.3,86.3,82.75999999999999,Moderate
24 Paraganas South,87.5,67.0,70.8,57.3,36.7,32.2,21.2,94.8,95.1,70.1,100.0,85.6,80.96,Moderate
Hapur,53.3,83.0,83.3,55.7,30.2,26.9,18.5,92.4,88.3,85.6,99.9,73.7,81.13000000000001,Moderate
Wanaparthy,62.8,87.6,83.6,65.2,40.4,33.2,15.1,97.3,87.0,75.9,99.4,52.1,79.095,Moderate
The Nilgiris,92.37,91.702,91.313,38.411,26.502,22.948,16.748,96.313,92.243,83.327,96.588,89.11,92.83515,Good
Medak,68.5,80.8,89.8,57.7,36.4,42.0,21.3,82.7,72.0,78.2,99.9,57.7,78.34,Moderate
Maldah,82.8,61.6,67.9,68.5,40.5,35.3,20.0,93.8,90.2,62.0,99.0,72.3,75.85999999999999,Moderate
Tuticorin,80.7,94.8,97.2,44.3,20.3,21.0,18.4,100.0,100.0,79.4,97.0,88.5,92.87499999999999,Good
Dhalai,52.0,72.4,73.1,65.4,45.7,27.6,15.9,90.2,73.7,67.6,70.3,71.6,71.89500000000001,Moderate
Kallakurichi,94.9,88.1,94.0,67.2,23.9,20.5,12.4,97.1,88.5,53.8,98.4,75.4,88.915,Good
Jaisalmer,47.6,80.1,79.0,53.8,25.5,31.7,25.0,80.3,76.1,75.7,95.2,62.2,76.655,Moderate
Papum Pare,39.3,53.2,58.1,44.4,29.7,15.6,9.0,77.3,63.9,75.7,92.9,77.0,72.67,Moderate
Charaideo,64.5,70.5,72.8,76.1,39.0,34.8,23.5,90.0,82.0,75.9,96.4,71.9,74.05000000000001,Moderate
Baghpat,42.4,79.1,82.3,56.5,25.5,26.0,10.3,87.7,86.4,87.0,99.9,76.3,80.21499999999999,Moderate
Chamba,62.7,72.9,70.8,47.4,42.6,26.0,15.4,100.0,100.0,86.5,85.5,84.1,79.95500000000001,Moderate
Saraikela Kharsawan,54.4,77.2,73.9,74.9,40.0,48.7,32.9,94.8,82.8,60.9,85.7,64.0,69.89000000000001,Moderate
Mayiladuthurai,93.1,91.9,92.4,58.8,32.3,24.3,12.5,96.4,93.8,69.6,100.0,87.8,89.965,Good
Fatehpur,38.1,66.8,65.5,60.5,51.1,38.0,17.8,71.5,61.8,63.1,98.8,62.3,65.865,Moderate
Saitual,66.178,72.899,41.786,31.546,26.163,11.19,9.481,84.623,77.331,97.099,98.436,98.354,83.68615000000001,Moderate
Chittorgarh,75.0,91.2,94.7,46.6,31.4,25.9,14.6,97.1,89.1,63.8,97.6,56.1,86.165,Good
Karimganj,42.8,63.9,70.2,60.6,29.1,52.9,48.0,85.5,84.2,61.5,62.3,80.7,66.22000000000001,Moderate
New Delhi,80.1,86.4,85.6,52.0,27.4,20.7,6.8,93.4,82.2,69.4,99.1,81.8,87.77000000000001,Good
Agra,42.7,77.2,75.2,61.4,35.9,26.2,16.4,96.4,75.8,70.8,99.8,63.1,75.015,Moderate
Gumla,49.3,82.4,78.4,61.3,40.2,38.7,20.1,95.3,86.4,50.1,75.2,63.7,73.09000000000002,Moderate
Narsinghpur,74.2,91.4,87.4,48.5,32.0,28.1,19.6,88.2,87.9,77.0,99.8,69.2,85.26499999999999,Good
Samba,96.2,92.3,87.6,73.2,24.5,15.5,20.4,94.0,90.9,78.8,95.4,84.8,89.64499999999998,Good
Rayagada,85.3,69.7,70.4,73.7,43.6,39.8,16.1,93.7,93.7,50.5,91.3,42.0,74.35000000000001,Moderate
Charki Dadri,53.4,93.9,91.9,71.1,23.9,16.9,10.6,94.8,86.1,90.4,97.3,83.6,85.44999999999999,Good
Bhavnagar,70.9,87.0,90.4,52.0,32.6,39.5,29.6,83.5,76.0,72.9,95.1,74.2,80.80999999999999,Moderate
Ranga Reddy,75.1,89.8,90.0,58.0,37.8,29.5,13.9,87.6,85.8,81.1,99.4,72.1,84.22500000000001,Moderate
Dindigul,96.2,95.3,96.2,41.401,27.1,28.4,21.1,95.995,92.595,61.001,99.5,78.2,91.55444999999999,Good
Namakkal,97.8,94.8,89.9,50.3,25.2,15.7,10.3,96.2,87.6,75.2,99.5,87.7,93.78,Good
Nagarkurnool,75.1,90.3,91.0,62.1,35.1,30.9,27.3,90.1,81.1,73.2,99.6,57.1,81.67000000000002,Moderate
Kargil,88.0,78.3,74.7,97.1,36.5,21.8,17.7,97.4,87.5,42.3,90.2,77.2,78.01,Moderate
Chhindwara,67.0,90.2,89.7,45.3,23.9,32.8,18.1,85.9,77.6,77.1,89.1,72.7,84.465,Moderate
Hooghly,72.2,56.7,76.7,75.1,28.9,33.4,20.0,97.9,100.0,76.2,98.1,77.4,77.30000000000001,Moderate
Nagapattinam,93.1,91.9,92.4,58.8,32.3,24.3,12.5,96.4,93.8,69.6,100.0,87.8,89.965,Good
Dhar,76.5,91.4,93.8,63.9,28.8,35.9,29.5,88.0,87.0,61.9,89.2,55.6,81.39999999999999,Moderate
Siddipet,62.6,74.1,85.9,76.6,28.1,29.6,19.3,88.6,65.1,84.1,97.2,71.0,77.63,Moderate
Medinipur East,56.8,48.5,58.1,73.8,25.8,30.6,15.5,91.7,90.6,69.8,87.8,77.0,71.59,Moderate
Gaurella Pendra Marwahi,46.9,75.7,78.6,63.9,25.7,28.0,24.0,80.1,65.8,80.5,93.6,72.8,75.44500000000001,Moderate
Murshidabad,66.9,49.8,67.6,73.0,39.8,32.4,16.3,96.1,94.7,69.7,99.1,67.6,72.485,Moderate
Chennai,87.686,93.315,96.044,56.107,19.945,21.435,17.789,96.12,94.371,85.993,99.033,91.36,92.57355,Good
Sheohar,25.3,61.1,58.7,64.3,34.4,42.2,35.4,81.3,69.0,57.9,100.0,52.5,62.515,Moderate
Etawah,43.7,79.3,79.5,65.6,38.8,24.3,13.9,92.7,82.2,78.1,99.5,77.4,76.695,Moderate
Porbandar,92.1,97.6,95.6,52.4,18.2,25.5,21.8,96.6,82.9,85.7,96.2,84.3,92.6,Good
Malerkotla,47.7,86.6,87.9,62.7,23.4,18.1,10.4,95.9,95.8,92.4,99.7,78.3,84.41000000000001,Moderate
Nagpur,71.4,91.4,90.8,57.9,27.6,33.9,34.0,94.5,94.7,88.9,99.5,94.6,85.39,Good
Serchhip,60.345,85.397,43.243,30.127,31.55,14.297,8.544,86.018,85.8,98.157,97.7,99.493,84.5147,Moderate
Tumakuru,80.4,95.2,90.2,47.9,40.3,26.7,10.9,97.7,100.0,86.1,96.2,81.9,88.86000000000001,Good
West Garo Hills,48.0,70.9,67.2,62.0,39.5,26.3,14.9,87.4,84.1,86.3,83.7,89.0,74.835,Moderate
Moradabad,33.2,76.1,74.7,43.4,34.7,27.0,19.1,89.1,84.5,79.0,99.8,66.7,75.66499999999999,Moderate
Valsad,92.5,95.0,93.2,85.8,37.8,34.8,23.2,93.9,95.3,85.3,98.0,82.9,85.165,Good
Yadgir,63.6,73.3,72.2,61.8,57.6,45.2,17.7,89.3,85.3,37.4,95.2,48.1,69.41,Moderate
Janjgir-Champa,62.8,85.9,82.6,67.9,32.5,30.2,24.6,92.9,90.7,78.8,97.2,74.9,80.145,Moderate
Amravati,71.7,80.2,79.4,64.8,29.0,38.0,26.2,95.9,92.5,75.7,95.8,87.8,80.86000000000001,Moderate
Tenkasi,84.935,92.929,93.063,54.345,29.263,22.674,12.096,97.735,93.401,79.794,98.083,85.644,90.41780000000001,Good
West District,70.4,63.6,67.8,45.7,25.2,19.3,21.1,98.5,98.5,88.9,89.9,85.7,82.565,Moderate
Kolar,90.9,95.7,95.0,46.9,31.1,15.7,15.5,86.3,90.6,89.2,98.5,78.3,92.16,Good
Surguja,57.7,83.4,79.1,54.3,29.4,30.6,17.5,96.9,87.9,75.8,96.4,71.0,80.825,Moderate
Katni,52.9,82.2,83.7,61.0,49.5,44.0,21.8,97.5,93.0,53.5,94.0,67.2,73.79,Moderate
Bhojpur,33.5,56.1,62.4,72.7,40.7,44.0,31.3,85.7,64.1,45.9,99.7,64.1,61.75,Moderate
Morbi,75.1,89.9,87.8,62.0,32.9,32.3,25.2,79.7,67.1,80.1,98.3,82.4,82.025,Moderate
Bagalkote,76.2,89.0,86.7,50.7,48.3,42.3,16.9,93.1,84.0,51.3,99.2,69.7,80.08,Moderate
Reasi,75.9,64.7,63.6,74.6,17.7,11.7,13.0,86.6,80.8,62.7,76.5,68.2,78.60500000000002,Moderate
Bhagalpur,27.6,54.0,60.5,73.9,40.0,40.4,21.2,91.8,73.4,60.9,98.0,65.6,63.225,Moderate
Sukma,74.0,80.6,79.9,77.9,41.8,37.4,21.2,76.8,80.1,35.5,96.0,39.8,72.67,Moderate
Raigad,83.1,93.0,92.9,61.1,35.8,34.1,19.1,97.8,92.3,74.8,87.8,79.2,85.5,Good
Chandrapur,68.5,92.3,97.0,61.7,37.3,46.6,38.5,97.5,97.5,77.3,96.5,87.8,81.37499999999999,Moderate
Ujjain,60.3,84.5,84.0,62.9,34.7,36.2,29.8,95.6,93.7,72.8,94.7,64.3,78.08000000000001,Moderate
Mon,9.7,25.6,22.4,46.0,35.5,23.3,7.8,83.4,72.2,86.4,86.7,78.2,59.845,Poor
Hisar,69.9,93.3,93.6,63.6,27.8,21.4,16.4,97.1,87.0,89.1,99.3,77.7,87.04,Good
Bhadrak,74.9,89.0,94.4,69.9,32.3,28.9,15.8,97.2,85.4,62.0,100.0,80.1,83.955,Moderate
Ernakulam,82.2,96.1,94.2,30.1,22.0,19.4,17.1,92.7,82.6,99.3,98.2,99.3,94.81000000000002,Good
Pakur,26.6,61.6,60.0,78.0,51.3,51.4,23.6,84.0,73.4,38.3,88.6,41.4,57.52,Poor
Jhabua,63.6,86.5,87.7,63.7,49.3,41.7,17.9,93.6,93.1,57.6,85.2,37.1,74.89000000000001,Moderate
Mahasamund,65.8,89.1,87.2,63.0,36.8,25.8,14.0,92.2,86.2,84.2,98.8,70.6,82.75500000000001,Moderate
South West Garo Hills,28.5,60.6,55.1,67.3,32.2,26.4,19.9,92.1,91.1,71.4,58.6,82.6,67.475,Moderate
Tarn Taran,60.3,85.5,83.3,71.0,23.8,14.4,11.3,89.4,83.5,82.0,95.6,66.0,82.78499999999998,Moderate
Churachandpur,61.3,58.2,56.8,28.7,25.1,9.8,12.1,71.9,77.4,81.2,62.5,84.2,78.64,Moderate
Vaishali,24.5,57.4,64.3,69.6,38.3,38.4,19.6,82.3,74.8,52.6,99.2,62.4,63.775000000000006,Moderate
Patna,17.9,59.0,63.1,62.8,34.5,39.6,27.5,78.6,67.0,61.0,98.8,67.6,63.33,Moderate
Kaimur (Bhabua),25.6,81.6,77.0,70.8,44.1,47.2,27.3,93.5,89.9,59.1,98.0,66.0,67.96,Moderate
North District,59.4,71.3,72.0,45.6,31.8,15.3,4.5,96.9,90.8,83.8,94.7,81.4,82.875,Moderate
Ganjam,82.7,89.3,91.1,58.4,23.9,18.9,10.2,92.3,88.5,72.9,89.6,69.5,88.21499999999997,Good
Kanker,77.9,87.4,88.1,69.2,24.8,36.1,24.5,91.8,92.3,80.5,98.7,77.2,83.93,Moderate
Una,71.7,84.9,87.1,63.0,24.7,25.8,13.1,90.5,77.6,81.4,98.8,92.5,85.345,Good
Saiha,35.5,59.6,22.8,46.0,43.8,17.6,7.7,65.5,61.5,91.5,95.2,95.1,68.285,Moderate
Dadra And Nagar Haveli,90.9,92.2,91.9,64.3,42.4,42.1,20.9,100.0,100.0,63.1,94.8,72.8,84.1,Moderate
Narayanpet,62.6,84.9,85.5,61.2,42.6,33.0,17.8,96.5,89.4,73.7,99.6,59.6,79.02500000000002,Moderate
Howrah,82.7,70.7,79.8,67.1,27.5,27.3,21.3,89.8,90.6,72.9,99.5,80.5,81.96,Moderate
Haridwar,48.5,74.2,76.6,31.5,31.1,27.0,16.4,89.4,84.1,69.8,99.6,73.7,79.74,Moderate
Chitrakoot,30.3,50.3,49.6,51.9,47.5,41.8,24.8,80.7,68.0,56.7,97.0,56.2,61.005,Moderate
Pratapgarh,30.6,71.1,67.3,51.6,35.5,27.7,10.0,87.6,78.2,52.0,97.8,74.8,72.25000000000001,Moderate
Peddapalli,77.9,87.6,89.8,78.3,27.5,33.1,28.8,97.0,76.1,77.8,98.0,73.7,81.79,Moderate
Tiruchirappalli,90.5,97.6,94.6,64.7,27.6,27.4,20.9,97.1,97.1,67.1,98.1,83.6,89.38500000000002,Good
Balrampur,41.0,62.1,61.3,54.7,41.2,37.2,24.9,74.5,64.7,59.7,99.8,43.2,65.83,Moderate
Solan,88.2,85.9,88.7,44.3,32.3,26.7,20.9,95.0,92.6,81.8,96.5,91.0,88.795,Good
Zunheboto,11.2,24.9,24.7,38.0,44.0,44.5,26.9,76.4,67.1,88.9,91.0,87.1,55.86999999999999,Poor
Budgam,66.5,88.7,86.3,83.7,26.8,20.6,18.9,95.7,92.5,77.0,95.8,74.1,82.325,Moderate
Kinnaur,75.3,83.4,85.6,52.4,32.2,18.9,11.3,96.4,94.1,80.1,96.9,89.1,87.10499999999999,Good
Baran,79.3,92.4,94.7,61.3,46.0,40.2,21.3,96.5,90.5,59.0,96.1,57.9,81.045,Moderate
Pondicherry,87.0,92.1,95.0,60.5,17.0,13.1,11.6,95.5,86.1,84.6,100.0,90.1,93.11,Good
East Khasi Hills,57.5,33.6,41.6,40.0,44.6,23.8,11.2,56.6,53.2,80.9,90.0,93.7,67.355,Moderate
Samastipur,23.5,52.1,51.5,65.9,44.0,42.8,21.3,89.4,74.6,48.8,98.6,54.3,60.175,Moderate
Bhilwara,64.7,95.7,94.1,52.6,22.6,23.5,17.4,89.1,89.9,62.3,93.1,56.4,85.27000000000001,Good
Rajgarh,55.2,73.3,78.1,51.9,27.6,26.8,22.4,85.8,71.9,47.8,74.2,52.1,74.425,Moderate
Jammu,95.4,92.2,86.0,72.4,27.0,17.6,18.0,90.8,84.1,81.2,99.9,91.5,89.26500000000001,Good
Betul,74.0,85.4,86.2,56.6,30.8,31.4,21.7,91.6,91.0,59.8,87.1,72.7,82.05000000000001,Moderate
Godda,39.2,67.9,66.8,62.0,39.4,40.7,24.5,86.8,69.8,54.9,91.4,46.6,66.59000000000002,Moderate
Senapati,64.9,37.0,36.0,23.8,27.3,12.9,10.7,75.2,70.9,84.4,64.4,81.9,73.89,Moderate
Gadag,68.7,84.7,83.4,54.1,45.2,39.8,18.2,85.5,86.3,55.2,95.5,70.7,78.02000000000001,Moderate
Rohtak,72.3,96.2,96.1,63.1,28.9,22.1,12.5,83.1,84.7,90.0,98.5,85.8,87.885,Good
Panipat,49.2,92.8,93.2,66.3,25.1,18.9,9.9,90.5,82.1,79.3,99.9,83.8,84.12500000000001,Moderate
Kondagaon,64.1,79.4,77.3,79.7,37.6,42.2,22.8,86.7,77.2,79.5,98.8,54.7,73.99,Moderate
Mamit,52.5,63.9,44.9,42.4,26.4,13.9,7.4,95.2,87.4,92.7,97.3,89.6,79.73,Moderate
Yamunanagar,66.4,88.3,85.6,60.4,27.7,23.1,12.1,94.1,84.4,83.5,100.0,85.8,85.44000000000001,Good
Upper Subansiri,32.1,56.7,56.7,39.2,36.8,19.2,12.2,84.3,74.4,80.9,94.7,62.3,71.24,Moderate
Wayanad,94.2,95.9,97.2,27.7,31.3,22.5,16.1,90.8,88.8,97.6,94.1,93.7,95.16,Good
Karbi Anglong,63.9,56.9,61.0,57.5,31.6,28.2,17.2,76.2,65.9,75.2,79.6,78.8,72.97500000000001,Moderate
Chitradurga,79.3,95.2,94.3,50.2,36.0,32.4,17.9,97.3,97.3,63.1,97.8,75.6,86.70999999999998,Good
Tengnoupal,66.6,55.0,51.1,37.8,34.0,14.7,8.3,60.6,69.3,85.2,68.6,80.2,75.36500000000002,Moderate
Satara,81.7,94.5,95.1,48.7,20.2,28.0,20.5,91.7,87.5,78.7,95.6,87.2,90.225,Good
Karauli,42.0,89.4,87.5,60.5,37.6,37.3,26.6,95.9,91.2,49.9,94.8,53.3,74.63500000000002,Moderate
Dungarpur,50.6,92.6,92.4,77.3,31.4,25.9,15.6,96.8,84.8,59.9,94.1,66.0,79.21,Moderate
Udhampur,69.8,71.2,69.1,68.6,37.3,31.9,19.8,87.8,85.8,69.8,76.4,77.3,75.29,Moderate
Medinipur West,63.1,79.7,80.9,84.5,31.1,40.0,30.3,89.3,80.1,58.3,95.5,70.9,74.07000000000002,Moderate
Kachchh,84.2,93.9,91.3,62.6,37.5,33.4,20.2,87.5,72.9,85.8,96.8,75.6,84.53000000000002,Moderate
Udalguri,49.8,53.1,62.9,72.6,33.8,32.5,21.3,75.9,48.6,73.8,82.3,70.0,66.545,Moderate
Bareilly,43.1,75.2,75.4,66.2,45.9,35.2,15.4,88.7,73.0,79.7,100.0,53.9,71.48499999999999,Moderate
Fatehabad,60.1,96.9,94.4,66.5,24.6,26.6,16.0,93.8,90.7,87.3,99.8,71.1,85.525,Good
Sant Kabeer Nagar,43.2,72.5,75.1,47.1,42.3,34.2,19.0,95.5,85.1,65.1,99.9,61.3,73.83500000000001,Moderate
Parbhani,47.4,64.4,66.8,60.2,37.6,41.8,22.8,77.2,55.9,60.1,89.0,73.4,68.11,Moderate
Prayagraj,45.9,67.5,59.6,49.1,37.9,32.6,15.1,70.9,58.4,59.5,95.8,67.7,70.22000000000001,Moderate
Lakhisarai,28.0,66.7,74.1,75.1,42.7,45.1,25.6,83.9,73.7,51.6,96.6,57.9,63.81500000000001,Moderate
Jagitial,81.9,84.1,89.9,66.2,29.9,32.3,17.5,93.2,77.7,76.5,97.3,62.4,83.16000000000001,Moderate
Dharmapuri,94.5,98.0,95.9,31.9,28.7,23.2,16.9,96.4,90.6,72.4,98.7,79.0,93.81500000000001,Good
Ariyalur,91.4,95.7,96.2,58.8,25.3,20.1,15.1,100.0,90.8,54.6,93.2,74.6,90.15,Good
Jalandhar,72.8,88.2,86.1,56.0,24.8,16.7,10.3,97.7,92.9,88.2,99.9,86.8,89.015,Good
Shahid Bhagat Singh Nagar,60.5,96.6,94.7,58.8,17.9,11.2,12.0,100.0,100.0,91.3,99.7,88.1,91.10499999999999,Good
Bishnupur,77.4,79.0,65.3,33.3,15.5,11.7,7.9,70.5,84.1,52.6,77.7,88.4,86.04,Good
Kannur,78.3,93.4,90.0,30.4,19.4,17.9,14.0,83.7,79.5,99.5,93.9,99.1,93.39999999999999,Good
Deoria,42.5,77.2,73.9,39.0,36.8,39.4,26.5,77.4,73.9,69.1,99.8,71.3,73.91,Moderate
Sikar,50.4,83.5,87.8,42.1,23.1,18.3,12.8,86.5,77.6,77.9,99.4,71.8,83.74,Moderate
Nirmal,69.7,87.2,91.0,57.3,31.7,33.4,18.1,97.2,83.3,63.6,98.3,58.6,82.05000000000003,Moderate
Kapurthala,51.4,88.4,86.4,63.3,24.6,19.2,12.8,90.5,69.5,87.7,99.4,84.1,82.95,Moderate
Boudh,79.0,89.6,90.9,53.3,37.0,38.6,20.1,95.3,93.7,52.9,92.5,68.8,82.78999999999999,Moderate
Ramanagara,88.7,87.0,84.8,47.2,15.6,19.8,20.0,100.0,100.0,89.6,98.3,82.7,92.325,Good
South West,91.0,92.4,88.3,65.9,27.1,16.8,10.6,91.6,83.3,86.2,99.7,87.5,90.36000000000001,Good
Nizamabad,78.5,79.5,85.9,65.2,30.5,38.4,26.2,95.3,87.8,72.5,99.4,63.1,80.63999999999999,Moderate
Gonda,41.7,68.6,72.1,51.6,45.9,28.0,12.1,71.4,70.5,44.6,100.0,57.7,69.91000000000001,Moderate
Puri,94.9,93.9,92.4,56.1,13.8,11.3,8.9,100.0,98.0,67.3,98.5,86.4,95.37,Good
Poonch,86.4,81.7,78.9,74.5,25.9,18.8,15.6,95.7,95.6,66.7,76.8,79.3,84.035,Moderate
Kishtwar,76.4,75.7,75.4,92.2,27.5,17.7,22.8,94.6,91.6,59.6,86.8,71.3,78.15500000000002,Moderate
Raigarh,55.4,89.6,88.9,59.5,39.1,28.0,14.9,95.2,90.9,66.3,97.5,74.9,80.775,Moderate
Hnahthial,56.7,67.1,39.4,34.2,26.5,11.1,9.5,85.0,82.2,95.6,96.0,91.6,80.575,Moderate
Pakke Kessang,29.1,53.6,54.6,39.5,35.7,14.2,15.8,77.8,71.9,75.6,93.6,59.1,69.46,Moderate
Arwal,34.5,70.1,70.1,66.3,45.6,52.9,36.8,94.7,85.0,43.4,99.9,62.5,64.535,Moderate
Durg,69.9,94.2,92.5,61.8,38.9,27.7,16.9,92.2,85.8,89.5,98.5,80.3,84.705,Moderate
Bemetara,54.6,91.5,91.9,50.3,38.4,27.6,16.4,95.7,93.4,80.5,98.8,71.1,82.89000000000001,Moderate
Sambalpur,89.0,90.5,94.1,67.1,40.7,36.3,25.5,100.0,98.0,62.4,93.0,71.1,83.56500000000003,Moderate
Botad,82.7,85.4,86.9,60.3,32.2,32.3,26.0,78.2,74.5,72.0,99.2,71.8,82.0,Moderate
Satna,51.5,81.3,79.7,65.1,49.4,31.2,16.8,88.4,76.3,55.4,92.7,69.1,73.265,Moderate
Saharsa,11.7,38.5,40.8,67.9,47.8,42.7,20.5,87.2,74.5,40.5,100.0,43.1,53.595,Poor
Azamgarh,38.5,72.9,72.5,57.8,33.4,28.0,14.4,80.0,69.8,72.8,100.0,76.5,73.885,Moderate
Mokokchung,18.2,47.4,47.3,21.1,31.4,22.9,11.7,100.0,96.3,96.7,97.4,94.0,73.51,Moderate
Jind,49.6,96.4,94.5,50.7,25.5,22.9,8.8,84.2,86.2,88.5,96.2,81.3,86.10499999999999,Good
Nagaur,46.2,80.8,85.5,55.2,31.5,26.2,16.2,92.0,82.7,79.0,96.9,67.2,79.00500000000001,Moderate
Dhenkanal,75.8,90.7,89.8,68.7,33.3,30.0,22.7,97.7,95.4,58.2,63.4,74.1,81.26,Moderate
Ferozepur,48.4,83.9,84.7,61.1,30.0,22.0,12.9,89.9,78.4,84.8,95.6,75.4,80.41999999999999,Moderate
Jaunpur,47.6,82.3,79.4,41.4,40.5,30.3,14.8,81.1,78.7,62.6,99.1,75.9,77.57,Moderate
Mathura,39.3,62.8,67.2,67.8,31.6,21.3,11.0,90.3,75.0,71.2,98.4,64.4,72.25,Moderate
West Siang,30.4,61.4,60.6,36.7,24.5,16.2,15.1,86.6,57.5,87.7,99.1,76.1,74.70500000000001,Moderate
Adilabad,74.8,83.4,80.3,68.0,45.7,52.0,29.5,86.7,72.5,50.8,95.7,64.8,73.47999999999999,Moderate
Jamnagar,73.8,92.4,86.4,60.1,28.4,28.9,23.8,92.7,78.4,86.6,99.7,83.1,85.055,Good
Davangere,63.1,78.9,74.0,51.5,38.4,32.8,18.8,89.2,81.2,83.3,97.5,76.0,78.99000000000001,Moderate
Jashpur,48.6,82.7,80.7,60.3,35.8,33.6,17.0,96.9,95.5,72.8,88.8,73.1,77.66000000000001,Moderate
Auraiya,50.4,77.8,73.3,44.0,39.7,32.6,19.4,89.4,84.7,74.3,99.5,74.9,77.14500000000001,Moderate
Siwan,30.3,63.9,63.0,64.0,36.7,30.8,18.2,86.4,78.4,47.7,99.8,70.9,67.785,Moderate
Raichur,67.5,76.1,73.3,64.8,39.8,40.7,23.2,85.0,81.2,53.0,94.0,54.3,73.40500000000002,Moderate
Rajnandgaon,76.1,90.5,84.5,55.5,27.6,31.0,19.4,95.1,92.6,79.2,98.8,80.6,86.02499999999999,Good
Jehanabad,17.4,77.7,71.2,72.3,41.3,51.7,36.6,97.2,77.2,45.5,99.8,63.2,63.27499999999999,Moderate
Villupuram,94.9,88.1,94.0,67.2,23.9,20.5,12.4,97.1,88.5,53.8,98.4,75.4,88.915,Good
Rupnagar,65.2,83.9,79.4,63.7,15.1,15.3,9.1,84.5,79.3,84.0,98.5,86.6,85.875,Good
Jorhat,67.0,81.4,85.4,75.1,38.7,33.2,15.5,83.3,79.4,80.4,85.9,85.1,78.32,Moderate
Amreli,92.6,87.0,85.9,47.0,35.3,30.6,23.7,80.5,65.8,73.3,97.8,77.2,84.83500000000001,Moderate
Bahraich,34.3,52.4,54.5,52.6,52.1,38.0,14.4,70.3,65.2,44.2,100.0,38.8,61.065,Moderate
West Karbi Anglong,46.7,55.7,60.5,58.8,40.9,31.1,23.2,66.6,52.9,76.7,44.7,73.9,64.70500000000001,Moderate
Mandya,90.1,95.5,95.1,42.9,24.3,16.7,11.8,100.0,96.9,86.7,98.4,78.3,94.58,Good
Ganderbal,80.4,88.4,87.0,83.7,18.5,20.1,25.9,93.2,88.9,78.4,97.2,64.0,84.36,Moderate
Medchal Malkajgiri,69.6,90.6,90.1,56.1,33.4,25.0,12.0,89.0,79.9,86.2,99.9,79.5,85.44500000000001,Good
Indore,74.6,92.6,93.3,55.9,28.7,24.9,21.2,90.1,86.1,90.0,98.9,80.3,87.17499999999997,Good
Morena,64.9,84.2,80.8,66.0,40.0,29.6,10.1,85.1,80.0,62.7,97.1,65.5,78.39500000000001,Moderate
Shimla,85.3,91.6,91.2,51.9,27.1,14.9,15.5,96.5,98.3,87.3,97.3,93.4,92.0,Good
Pulwama,96.2,95.0,93.7,82.0,22.4,20.2,15.3,97.0,91.8,91.6,98.0,76.6,90.69,Good
Kendujhar,57.1,75.4,72.3,68.2,36.2,37.1,23.8,94.0,88.1,47.6,92.9,64.6,73.125,Moderate
Biswanath,46.5,56.5,58.1,67.8,42.7,41.0,27.1,87.2,69.2,76.6,76.2,69.2,65.18499999999999,Moderate
Dumka,39.3,54.9,57.1,74.1,38.2,44.9,27.8,86.4,84.9,41.5,92.6,51.8,62.290000000000006,Moderate
North,50.6,68.9,73.4,47.7,25.0,17.4,8.9,88.7,70.9,70.2,99.3,80.0,79.57000000000001,Moderate
Sonepur,87.8,93.1,93.6,59.9,29.6,34.5,26.0,100.0,100.0,66.7,94.2,76.1,86.86499999999998,Good
Banka,31.7,72.3,74.7,60.4,46.7,45.8,26.9,95.0,90.2,38.2,96.3,55.7,66.52499999999999,Moderate
North Goa,91.3,93.1,95.9,46.2,24.2,25.8,17.7,92.2,85.5,87.7,98.1,92.4,92.44500000000002,Good
Ludhiana,65.2,82.5,77.3,66.0,22.1,12.4,5.9,79.7,74.4,84.6,99.9,82.4,84.19000000000001,Moderate
Bhandara,79.0,87.5,90.1,66.1,31.3,33.9,28.4,94.9,89.5,81.8,92.0,89.1,83.815,Moderate
Unakoti,24.6,44.5,46.7,72.9,31.8,32.0,19.3,83.6,63.0,61.8,78.6,76.4,61.015,Moderate
Giridih,42.1,61.3,61.0,63.8,31.9,34.3,27.8,84.4,71.6,59.2,87.6,53.4,67.045,Moderate
Ramgarh,40.9,78.0,75.8,66.7,35.3,35.3,23.5,94.7,84.9,64.2,76.7,71.0,72.14499999999998,Moderate
Purbi Champaran,21.7,43.7,41.8,64.4,49.1,37.9,16.8,77.0,74.1,48.3,99.9,50.2,57.190000000000005,Poor
Perambalur,92.2,90.1,92.6,61.6,29.1,22.3,15.9,94.9,92.5,57.4,100.0,81.1,88.555,Good
Balangir,95.4,96.5,94.0,64.2,32.7,37.6,25.5,97.8,95.8,66.3,92.9,68.1,86.595,Good
Banswara,69.9,94.0,95.9,70.2,44.6,38.7,17.3,93.5,84.4,40.8,95.6,53.1,78.23500000000001,Moderate
Fatehgarh Sahib,76.0,95.5,93.6,59.7,30.0,18.2,7.1,90.8,87.5,87.6,99.7,86.9,89.71000000000001,Good
Kamjong,38.8,44.9,44.8,20.6,27.1,16.0,11.6,53.2,49.8,81.4,50.9,86.9,69.26,Moderate
Bathinda,48.2,78.7,81.3,59.4,23.0,23.8,15.4,87.3,69.1,88.4,99.1,69.2,79.50999999999999,Moderate
Chirang,56.5,59.7,63.0,68.8,42.7,39.7,19.5,89.3,77.9,77.1,92.1,71.5,69.92000000000002,Moderate
Golaghat,65.7,73.5,83.5,74.7,26.3,25.5,19.2,87.5,79.7,73.1,93.7,75.1,78.80000000000001,Moderate
Hojai,51.3,63.9,68.4,54.3,39.3,28.4,12.7,59.3,60.9,63.1,99.9,83.2,72.00500000000001,Moderate
Sindhudurg,73.4,96.7,98.2,36.0,30.8,32.0,27.7,89.0,89.7,87.9,73.2,92.1,87.74000000000001,Good
Gurugram,48.1,87.7,87.6,77.6,22.1,22.2,15.7,81.8,68.4,84.5,99.7,85.4,80.255,Moderate
Pune,68.6,84.2,95.2,58.6,30.7,32.7,31.4,67.7,66.2,79.6,96.9,89.0,80.53500000000001,Moderate
Baleshwar,56.6,87.6,86.9,57.3,24.4,22.6,15.0,100.0,94.1,70.9,98.5,73.8,84.035,Moderate
Gaya,25.1,72.5,75.4,65.5,47.4,43.5,24.3,92.5,90.7,44.4,99.2,59.4,66.05,Moderate
Koppal,50.7,80.7,79.5,55.3,49.1,45.8,23.1,90.3,84.8,58.8,96.0,59.8,72.36,Moderate
Dharwad,85.2,98.0,95.5,50.5,45.2,40.4,16.5,96.1,89.1,79.3,87.9,81.8,86.22,Good
Churu,45.0,73.9,75.2,51.2,27.1,23.4,16.5,88.1,79.1,80.2,98.2,63.9,77.655,Moderate
Imphal West,93.4,90.8,91.7,25.0,15.6,10.2,9.3,88.5,76.0,58.7,89.1,92.5,95.24999999999999,Good
Sirohi,69.5,91.1,91.3,72.2,30.7,31.2,16.4,93.7,88.9,54.1,93.6,60.6,81.17999999999998,Moderate
Ghaziabad,62.0,84.8,85.3,59.8,28.2,23.4,17.1,82.0,73.2,84.5,99.1,80.1,82.23499999999999,Moderate
Mau,43.2,80.0,75.7,53.8,25.4,30.3,21.2,76.7,73.2,75.1,99.8,72.0,76.54999999999998,Moderate
Tiruppur,93.5,98.4,99.3,56.0,21.5,23.1,15.3,87.47797252747252,80.58622527472527,75.9,99.8,87.1,92.59320989010989,Good
Jhalawar,72.3,89.7,91.0,56.9,34.0,38.1,29.0,90.6,83.9,62.1,92.4,54.3,80.06500000000001,Moderate
Daman,70.5,89.5,87.6,63.0,30.0,29.3,25.2,82.8,83.9,67.1,96.0,85.9,82.295,Moderate
Hanumangarh,53.1,83.4,84.8,61.7,24.2,21.3,19.8,93.5,88.3,83.8,97.8,68.2,81.62500000000001,Moderate
Dinajpur Uttar,70.1,60.9,69.4,63.6,44.8,32.0,16.0,88.5,88.4,63.8,99.8,65.4,74.005,Moderate
Karur,95.7,96.4,91.9,60.7,33.6,36.3,18.4,93.9,89.1,63.6,99.4,78.2,87.635,Good
Mulugu,72.7,89.1,89.6,64.9,32.5,36.7,31.8,96.9,87.9,65.6,95.1,58.9,80.23499999999999,Moderate
Nadia,71.2,89.4,89.9,68.2,26.1,25.1,17.6,95.0,92.6,78.4,98.2,76.2,85.095,Good
Mahabubnagar,62.6,84.9,85.5,61.2,42.6,33.0,17.8,96.5,89.4,73.7,99.6,59.6,79.02500000000002,Moderate
Ayodhya,33.8,75.5,71.2,52.7,30.6,27.5,12.4,82.5,71.2,64.4,100.0,73.8,74.26,Moderate
Ahmednagar,76.6,90.9,92.9,45.0,31.7,41.2,24.9,93.8,87.6,79.5,90.0,86.2,85.40499999999999,Good
Baksa,56.0,65.0,70.9,76.6,41.2,34.0,17.0,91.9,78.3,68.9,89.8,74.8,71.48499999999999,Moderate
Kaushambi,34.0,74.2,67.9,54.8,40.2,36.8,18.3,79.1,70.7,59.6,98.3,58.6,69.31500000000003,Moderate
Yanam,79.8,97.1,96.3,44.8,25.0,18.7,12.4,93.3,81.5,84.1,100.0,82.2,91.88000000000001,Good
East Garo Hills,25.5,59.9,57.5,55.7,39.7,26.5,20.1,83.3,76.6,83.9,67.0,86.7,67.25,Moderate
Korba,49.3,76.7,70.7,70.5,34.7,27.9,14.7,83.9,72.2,73.3,82.2,73.2,73.695,Moderate
Hardoi,39.7,67.0,62.8,61.1,44.5,33.0,22.3,79.0,67.9,55.7,99.9,55.0,66.84500000000001,Moderate
Hoshiarpur,59.7,92.9,90.0,50.4,19.3,12.4,11.5,95.4,92.9,89.7,99.9,91.3,90.02499999999999,Good
Arvalli,73.8,87.6,85.1,87.7,47.1,47.2,29.0,88.1,81.8,56.3,98.5,71.9,74.095,Moderate
Raipur,65.6,88.4,86.7,63.1,32.2,32.3,21.7,85.8,86.8,84.0,99.7,79.6,82.025,Moderate
Begusarai,21.6,58.6,60.9,64.3,37.8,35.6,21.0,81.0,72.9,62.2,99.1,62.3,64.23499999999999,Moderate
West Singhbhum,34.9,58.8,61.5,74.2,60.6,62.4,30.5,92.1,90.0,37.7,79.3,47.8,56.75,Poor
West Tripura,61.2,87.7,88.7,64.9,30.3,21.2,11.7,94.1,88.4,80.2,98.5,86.2,84.25000000000001,Moderate
Rewari,63.8,90.5,89.7,71.8,25.9,20.5,9.3,90.2,83.5,86.4,99.7,86.0,85.35999999999999,Good
Vadodara,65.9,90.7,88.7,74.3,42.3,39.9,20.1,93.2,84.9,85.6,99.5,84.6,79.97500000000001,Moderate
Jiribam,87.1,85.4,81.0,36.0,18.4,14.4,11.7,81.9,79.0,59.5,90.2,90.0,90.035,Good
Nagaon,59.4,62.0,65.3,65.1,38.9,32.4,19.4,67.3,67.2,66.1,96.1,78.4,70.97000000000001,Moderate
Phek,9.5,39.6,34.9,41.6,28.0,15.6,12.9,71.8,68.4,90.1,98.1,85.8,65.355,Moderate
Mandi,70.3,84.2,83.2,49.9,31.3,21.3,19.9,100.0,94.1,87.0,96.5,94.0,86.27,Good
Bengaluru Rural,90.9,91.7,91.0,43.9,36.6,23.8,16.2,100.0,94.3,88.8,97.9,83.8,90.85,Good
Noney,56.4,52.7,49.2,29.1,27.1,19.3,9.6,77.8,71.2,77.9,51.6,76.8,74.185,Moderate
Kasganj,38.1,62.0,67.8,64.1,45.1,35.5,19.3,87.2,72.1,69.8,99.4,56.4,67.38499999999999,Moderate
Barmer,64.9,83.3,85.1,61.6,39.1,31.7,11.5,92.9,94.0,83.6,99.9,66.3,81.22999999999999,Moderate
Chikkamagaluru,74.3,90.9,91.4,45.6,27.3,25.4,24.9,100.0,91.0,92.3,95.7,82.9,88.32999999999998,Good
Kamareddy,79.5,86.8,89.0,65.5,33.4,43.9,34.5,91.2,85.3,68.2,99.4,58.6,79.58,Moderate
Kodagu,74.4,93.3,91.9,35.8,30.4,22.6,21.7,93.7,90.6,93.9,89.2,88.5,89.57,Good
Kulgam,92.2,91.5,92.6,80.7,28.4,15.3,11.3,100.0,100.0,80.5,96.4,70.9,89.21500000000002,Good
Yavatmal,66.9,85.6,91.7,64.1,36.6,39.4,27.5,90.0,84.2,66.4,89.5,80.8,79.00000000000001,Moderate
Uttara Kannada,57.9,87.4,87.8,44.6,29.6,33.3,21.9,96.7,93.6,89.6,84.8,84.3,83.60500000000002,Moderate
Khammam,76.3,93.2,91.5,61.7,22.2,26.2,24.7,95.0,89.2,84.5,98.4,66.3,86.65499999999999,Good
North West,77.9,86.1,85.1,46.6,26.9,22.8,10.9,88.6,83.2,88.2,99.7,85.0,88.27999999999999,Good
Anand,64.2,90.3,88.6,64.2,38.4,46.6,28.6,91.9,81.8,82.1,99.7,75.9,78.905,Moderate
Mandsaur,60.8,93.6,90.1,56.4,30.9,22.9,13.1,87.3,80.2,65.4,77.6,64.8,82.05999999999999,Moderate
Warangal,70.4,93.8,90.5,64.3,36.1,37.9,19.0,93.0,79.0,74.3,99.0,60.1,81.415,Moderate
Idukki,74.3,94.0,95.3,33.8,24.3,23.6,14.5,93.0,96.6,97.5,82.3,94.4,92.13,Good
Suryapet,70.4,88.6,88.7,64.5,29.1,30.1,24.9,85.4,74.2,77.9,99.8,63.5,81.44499999999998,Moderate
Alipurduar,88.4,74.8,82.5,66.6,28.9,25.4,18.3,96.6,89.5,73.2,95.2,73.6,83.77000000000001,Moderate
Shamli,41.0,81.3,75.2,49.5,28.6,27.5,24.3,94.6,93.5,83.3,99.9,64.2,78.22,Moderate
Purulia,57.8,51.5,68.4,79.2,36.9,46.3,29.4,93.2,88.2,29.2,87.6,61.0,65.17,Moderate
Dinajpur Dakshin,76.4,83.2,89.1,78.7,31.9,30.2,22.8,96.7,92.6,79.0,99.7,74.3,82.00999999999999,Moderate
Champawat,62.0,80.8,80.5,33.6,24.9,15.3,12.4,98.7,93.9,82.7,95.4,83.8,87.33000000000001,Good
Lower Subansiri,39.1,67.7,65.5,59.4,30.7,8.1,11.5,76.5,75.8,82.8,98.1,73.4,75.39500000000001,Moderate
Shi Yomi,30.4,61.4,60.6,36.7,24.5,16.2,15.1,86.6,57.5,87.7,99.1,76.1,74.70500000000001,Moderate
Erode,93.928,96.503,98.396,64.033,19.405,26.852,20.868,99.984,95.9,67.64,98.906,82.419,91.56065000000001,Good
Alwar,30.0,72.9,76.2,55.3,33.9,24.0,15.6,81.0,72.5,66.0,97.6,63.2,72.49499999999999,Moderate
Madhubani,34.9,58.9,61.0,69.2,43.3,36.0,17.1,91.2,80.3,38.2,100.0,53.2,64.59,Moderate
Srinagar,85.1,90.9,88.8,69.9,33.0,15.8,18.6,95.7,90.9,86.8,98.5,78.4,87.415,Good
Jharsuguda,94.1,96.4,96.4,68.8,27.1,26.9,16.9,100.0,100.0,70.0,88.4,79.1,89.765,Good
Tonk,66.2,84.5,88.1,59.6,33.1,28.2,18.1,88.7,77.2,66.2,90.9,55.2,79.77000000000001,Moderate
South East,83.2,92.3,92.0,55.0,21.7,20.4,14.7,83.3,72.7,83.8,100.0,84.9,89.495,Good
Upper Siang,34.0,56.4,52.9,27.2,30.4,12.0,12.5,70.0,64.5,91.8,99.8,70.9,73.97,Moderate
Doda,74.3,71.6,71.6,74.1,32.7,15.2,9.5,67.5,63.6,70.9,92.6,69.2,77.44999999999999,Moderate
Dhemaji,62.2,72.8,75.4,59.3,37.2,25.7,18.3,93.2,95.3,70.8,95.3,81.5,78.68500000000002,Moderate
Shahdol,57.4,83.2,79.3,53.3,44.0,39.2,20.4,94.1,94.5,61.4,79.2,68.5,76.01499999999999,Moderate
Barwani,64.2,81.4,82.5,67.0,45.8,41.0,18.9,85.9,78.6,61.0,90.4,49.3,73.79,Moderate
Tamenglong,56.4,52.7,49.2,29.1,27.1,19.3,9.6,77.8,71.2,77.9,51.6,76.8,74.185,Moderate
Aligarh,44.7,82.1,80.3,52.5,35.0,26.3,10.9,81.8,72.4,69.4,100.0,66.0,77.31,Moderate
Osmanabad,89.2,94.4,95.1,50.9,37.2,32.5,16.1,96.7,94.5,71.2,96.4,83.7,88.64499999999998,Good
Baloda Bazar,49.5,72.6,69.7,60.2,40.9,34.1,19.4,89.8,80.3,78.9,94.8,73.4,73.64,Moderate
Pherzawl,61.3,58.2,56.8,28.7,25.1,9.8,12.1,71.9,77.4,81.2,62.5,84.2,78.64,Moderate
Khunti,37.4,63.9,61.0,71.5,38.5,44.0,32.1,87.4,76.5,55.2,68.6,55.3,62.91,Moderate
West Kameng,27.6,38.9,33.8,50.9,24.2,13.4,23.2,65.8,63.0,88.9,99.8,71.1,65.405,Moderate
Pratapgarh,52.9,94.0,93.0,54.9,29.0,31.8,24.9,91.9,81.1,46.3,88.6,53.5,78.895,Moderate
Khargone,61.3,83.7,83.6,56.1,31.4,44.0,27.4,88.2,81.0,73.8,97.0,59.5,77.62499999999999,Moderate
Alirajpur,54.7,79.9,74.6,76.5,34.6,31.6,15.4,87.3,84.1,84.7,89.6,40.8,74.43500000000002,Moderate
S.A.S Nagar,69.0,87.3,86.6,59.5,26.2,23.0,10.7,78.7,74.2,87.6,99.9,83.5,85.05,Good
Harda,71.9,83.9,84.6,69.4,38.8,34.7,28.0,96.3,92.6,68.8,92.3,71.4,78.87,Moderate
Kandhamal,81.1,90.6,90.5,48.8,34.2,35.2,23.3,100.0,96.8,52.4,64.4,68.5,83.05,Moderate
Udupi,59.4,89.2,87.7,49.9,23.1,21.0,17.6,96.2,94.3,94.5,81.5,90.3,86.58500000000001,Good
Jabalpur,60.4,97.5,88.9,49.0,18.0,31.3,26.4,87.47797252747252,80.58622527472527,61.9,98.0,68.2,84.01320989010989,Moderate
Narayanpur,59.1,76.9,71.3,72.0,43.7,39.5,21.5,87.3,84.5,52.8,90.5,52.0,71.03,Moderate
Ukhrul,38.8,44.9,44.8,20.6,27.1,16.0,11.6,53.2,49.8,81.4,50.9,86.9,69.26,Moderate
Kangra,56.3,88.7,85.9,57.7,28.0,32.0,19.4,95.2,83.9,73.3,98.6,94.4,82.5,Moderate
Madhepura,20.9,49.5,58.9,70.4,46.3,43.5,20.6,86.5,77.7,34.6,99.3,47.6,58.34000000000001,Poor
Alappuzha,65.7,89.2,85.1,22.9,20.1,20.4,14.4,83.3,79.3,99.2,98.4,99.7,90.95500000000001,Good
Patan,79.8,93.6,92.0,60.2,50.5,42.3,20.9,95.6,82.5,73.1,99.4,71.1,81.38,Moderate
Purnia,11.1,41.0,41.5,64.0,43.5,47.1,25.8,79.5,67.7,35.6,99.6,47.5,53.245000000000005,Poor
Ballia,30.5,76.6,72.9,58.0,43.8,42.5,21.9,80.3,67.7,61.7,99.8,70.0,68.52,Moderate
Amroha,43.9,77.7,79.5,51.7,42.2,35.4,22.5,84.4,78.0,78.9,99.7,61.2,74.01,Moderate
Madurai,89.5,91.4,94.5,46.9,32.4,21.5,9.5,95.5,90.8,80.1,98.7,83.9,91.38500000000002,Good
Thiruvananthapuram,55.3,86.2,88.0,20.9,19.5,15.2,17.4,93.4,76.3,95.4,92.9,98.5,89.575,Good
Dhamtari,70.4,84.3,83.7,59.8,30.5,28.9,17.9,95.9,89.0,89.8,99.1,82.7,84.16499999999999,Moderate
Karaikal,88.3,95.0,98.3,56.1,25.5,19.7,15.3,95.9,92.1,84.3,99.9,88.8,92.44000000000001,Good
Hazaribagh,36.4,65.4,67.7,54.1,37.8,32.5,16.2,85.9,71.8,55.6,85.5,67.2,69.39000000000001,Moderate
Rae Bareli,43.6,60.1,61.6,49.7,47.0,28.8,13.0,82.8,76.6,55.0,98.1,62.8,69.28,Moderate
Cuttack,84.2,92.5,92.2,59.0,20.4,18.9,14.2,94.3,90.4,60.2,92.3,80.1,89.32,Good
Dhanbad,44.6,73.2,74.3,69.9,27.0,25.1,14.0,83.9,66.1,67.6,88.9,69.7,73.96,Moderate
South West Khasi Hills,63.4,42.9,38.7,53.8,51.4,27.6,10.4,86.4,80.5,89.6,85.3,85.9,69.31,Moderate
Tirap,35.7,49.8,51.6,53.0,38.6,16.0,13.8,77.9,72.1,86.7,93.8,72.8,69.08,Moderate
Mainpuri,38.1,63.3,66.9,61.4,44.3,33.6,14.6,89.2,80.5,63.1,99.6,74.2,69.62499999999999,Moderate
Aizawl,68.5,73.4,33.2,31.5,25.3,9.6,7.3,77.9,68.7,96.1,98.3,98.9,82.96500000000003,Moderate
Kushi Nagar,35.8,79.3,74.7,45.7,32.2,36.6,24.3,87.7,72.7,73.1,100.0,62.5,74.04499999999999,Moderate
Mayurbhanj,52.9,86.3,81.2,63.6,36.7,45.9,28.5,88.0,86.2,54.4,80.1,58.6,73.06,Moderate
Bongaigaon,33.9,57.0,63.3,73.8,46.2,35.3,20.2,84.2,74.7,72.5,95.3,75.8,65.22999999999999,Moderate
East Nimar,62.2,93.3,87.5,68.9,38.4,35.3,20.7,94.5,87.9,76.7,88.7,65.8,79.50500000000001,Moderate
Navsari,94.7,98.2,99.6,72.6,36.8,43.6,29.0,95.0,95.0,80.1,97.4,84.1,86.43500000000002,Good
Niwari,64.2,86.9,86.5,56.4,27.5,34.9,19.7,89.8,84.5,56.6,80.0,67.7,80.02,Moderate
Damoh,46.4,75.8,78.8,57.0,40.3,32.3,16.2,78.6,68.3,40.6,81.0,61.6,71.12,Moderate
Balod,81.5,90.8,89.1,59.7,33.6,36.0,15.1,92.4,85.2,83.8,99.5,78.6,85.60999999999999,Good
Hingoli,66.6,82.4,85.1,60.5,37.4,38.9,25.8,94.0,78.6,69.0,92.4,76.5,78.25500000000002,Moderate
Ahmadabad,77.8,90.0,86.4,67.3,35.5,34.0,17.5,82.7,69.1,86.4,98.7,81.5,82.52500000000002,Moderate
Bokaro,48.7,73.5,70.0,68.2,36.2,32.3,19.7,92.3,76.9,64.4,86.4,69.2,72.33999999999999,Moderate
Sawai Madhopur,47.3,75.2,82.8,64.6,26.9,24.2,22.0,77.5,62.5,71.2,92.5,55.7,74.50999999999999,Moderate
Malkangiri,82.8,89.5,86.4,67.4,44.3,41.6,19.3,97.2,94.8,41.4,94.7,39.0,78.365,Moderate
Hailakandi,43.1,68.8,70.1,58.1,42.9,42.4,22.2,85.6,77.8,60.0,41.2,82.2,67.43,Moderate
Araria,25.8,46.4,48.2,64.0,49.9,47.8,23.9,83.0,67.3,32.2,100.0,43.7,55.905,Poor
Gir Somnath,80.7,90.8,87.7,50.9,44.4,30.3,18.5,81.8,77.1,74.3,98.2,73.1,83.09,Moderate
Mahendragarh,55.2,88.0,90.4,67.3,25.2,15.4,8.4,87.6,76.0,79.8,99.7,81.1,83.83999999999997,Moderate
Kamrup Metro,68.9,75.6,79.9,80.6,25.4,25.0,18.2,74.7,59.1,65.2,87.2,86.0,77.08500000000001,Moderate
Jamtara,36.0,69.9,66.5,77.4,41.9,46.2,23.0,91.4,80.4,52.8,93.0,53.5,65.14500000000001,Moderate
Tawang,37.6,49.6,48.8,76.3,30.4,9.0,7.1,90.8,69.3,81.7,99.8,56.6,69.07,Moderate
Ratnagiri,78.6,89.7,92.2,33.7,31.7,29.5,23.7,86.2,85.6,85.6,90.9,87.2,87.795,Good
Muzaffarpur,28.2,55.9,55.9,66.1,42.6,34.7,19.9,91.9,75.9,55.2,99.9,63.0,64.04,Moderate
Mumbai,80.688,90.987,96.458,60.079,31.15,27.454,22.424,0.0,0.0,60.317,99.914,93.138,77.3973,Moderate
Katihar,15.3,41.7,44.3,66.7,43.9,48.1,23.5,83.9,79.1,44.6,99.2,49.7,55.39,Poor
Gondia,66.2,90.0,89.2,65.2,36.9,35.6,23.7,93.0,91.1,74.3,91.6,87.5,81.24,Moderate
Kota,81.3,88.8,91.3,59.5,29.5,26.4,20.8,95.3,86.3,79.0,99.6,76.5,86.385,Good
Kasaragod,91.2,95.0,95.9,39.6,25.3,21.4,12.6,97.3,94.4,98.9,93.2,95.9,95.34999999999998,Good
Karnal,84.7,97.5,97.3,61.5,29.2,20.5,9.8,98.7,91.4,83.5,99.9,84.0,91.375,Good
Umaria,48.9,89.7,87.9,55.3,45.3,36.6,15.5,94.5,95.6,53.7,79.5,63.0,76.36,Moderate
Kabirdham,58.9,93.0,94.3,45.4,37.9,27.3,12.0,96.9,96.9,80.3,97.9,66.2,84.97,Moderate
Shivamogga,79.4,91.5,89.7,44.7,29.0,34.4,23.2,98.0,98.1,85.4,94.6,79.8,87.82000000000001,Good
Shahdara,88.9,91.5,92.3,53.5,32.9,30.2,21.2,90.6,82.5,83.4,99.8,83.9,87.875,Good
Bundi,74.0,85.2,89.4,57.2,30.0,29.1,19.6,91.1,83.1,56.3,95.7,56.9,81.88499999999999,Moderate
Kakching,89.9,75.6,73.0,19.2,31.5,14.9,8.3,77.4,80.2,61.3,72.5,85.4,87.0,Good
Bhind,63.1,84.2,85.9,69.9,32.2,29.0,12.4,89.4,74.9,79.9,95.5,70.2,80.22000000000003,Moderate
West,67.1,86.9,91.4,54.7,36.1,19.0,8.4,89.7,76.0,76.8,99.8,82.3,84.845,Moderate
Latehar,43.1,70.7,61.7,62.2,40.1,39.4,19.2,95.2,75.0,51.4,79.2,54.9,67.93,Moderate
Kannauj,46.4,70.3,66.8,68.8,43.0,33.5,21.5,82.2,62.9,70.1,99.9,64.8,69.35,Moderate
Jayashankar Bhupalapally,72.7,89.1,89.6,64.9,32.5,36.7,31.8,96.9,87.9,65.6,95.1,58.9,80.23499999999999,Moderate
Jalaun,62.8,67.5,65.9,39.5,45.1,36.1,19.5,79.1,71.7,80.2,99.0,66.8,74.7,Moderate
Dehradun,75.3,82.4,84.2,45.6,20.9,19.1,10.1,86.2,76.0,83.9,99.0,85.8,88.005,Good
Sitapur,35.4,71.5,67.9,61.2,47.8,37.9,18.2,80.5,71.1,52.5,99.7,53.4,66.78500000000001,Moderate
Sepahijala,52.8,72.1,70.1,70.4,34.5,21.0,14.9,84.7,78.1,75.4,97.4,79.6,75.7,Moderate
Khowai,41.5,59.7,62.9,64.8,47.0,24.7,16.6,85.7,60.7,67.8,83.2,80.5,67.705,Moderate
Lalitpur,45.7,71.1,64.8,42.0,46.6,34.8,18.7,81.9,77.8,64.2,96.6,55.3,71.25000000000001,Moderate
Amethi,31.7,76.3,73.7,45.4,35.8,33.1,19.9,85.7,78.7,60.9,98.7,63.3,72.72500000000002,Moderate
Tirupathur,95.4,98.6,96.7,47.2,29.8,19.7,13.1,95.5,93.9,76.2,97.7,81.6,93.54500000000002,Good
Virudhunagar,83.4,80.2,86.5,59.7,29.2,23.7,14.4,100.0,81.4,59.8,97.4,84.1,85.16499999999999,Good
North Tripura,67.1,76.6,77.4,72.3,26.2,32.2,30.0,74.6,74.1,74.1,75.6,83.1,75.99000000000001,Moderate
Ramanathapuram,88.2,94.9,95.8,52.2,26.4,21.6,17.7,96.5,96.5,78.6,93.9,84.1,91.415,Good
Kamrup,46.9,61.4,67.0,72.5,22.6,19.7,14.8,83.0,70.1,68.7,92.1,79.6,73.53000000000002,Moderate
Sahebganj,36.2,64.8,61.0,67.6,49.1,44.8,19.7,76.4,68.8,43.2,88.2,48.8,61.94499999999999,Moderate
Ratlam,65.1,84.6,87.7,60.5,29.0,28.6,16.2,94.4,93.0,69.4,91.0,62.4,81.85500000000002,Moderate
Farrukhabad,41.5,72.5,72.0,58.3,47.8,31.1,14.3,85.6,72.2,72.6,99.7,63.1,71.42000000000002,Moderate
Bulandshahr,47.6,82.5,82.8,54.0,37.6,26.5,13.8,77.9,70.9,81.5,100.0,69.2,77.7,Moderate
Mansa,49.4,84.3,83.2,63.5,36.6,22.7,12.1,89.3,85.3,85.4,99.3,67.4,79.39,Moderate
West Jaintia Hills,43.1,28.6,30.8,54.2,48.7,28.3,9.7,72.3,65.2,75.1,70.6,80.0,60.470000000000006,Moderate
Rewa,33.0,77.7,77.8,65.3,37.0,31.5,18.7,93.5,70.3,46.1,82.1,62.3,70.0,Moderate
Deogarh,77.5,88.5,89.0,73.5,28.4,34.3,27.3,100.0,100.0,69.9,86.2,66.7,82.17,Moderate
Thiruvarur,92.3,89.5,92.2,49.0,19.8,21.5,18.4,100.0,100.0,71.0,100.0,89.3,92.645,Good
Pathankot,52.4,88.5,82.4,57.4,22.1,10.8,10.3,91.9,77.4,79.2,98.6,88.7,85.0,Moderate
Aurangabad,57.2,76.4,82.6,47.4,34.2,42.9,26.4,81.5,62.4,69.1,91.7,83.1,75.88999999999999,Moderate
Dindori,56.5,82.9,80.9,64.2,38.9,33.6,15.8,85.4,88.6,47.9,66.1,63.7,74.38999999999999,Moderate
Dewas,49.1,84.3,82.7,59.0,36.8,30.7,20.4,96.5,88.5,69.6,93.6,64.2,77.36999999999999,Moderate
North East,86.2,82.6,85.9,50.1,38.7,21.8,8.8,91.6,86.4,89.5,98.2,83.8,87.50999999999999,Good
Khawzawl,63.333,72.601,51.899,31.565,27.302,13.129,12.018,92.547,87.658,98.298,98.58,97.743,84.55480000000003,Moderate
Tuensang,4.4,29.5,30.2,28.5,37.1,34.2,24.6,53.3,47.6,92.0,90.4,77.8,56.865,Poor
Saran,30.7,54.1,58.3,70.9,39.7,45.0,28.8,88.9,75.7,37.2,99.7,65.6,61.480000000000004,Moderate
Aurangabad,29.3,71.5,72.0,56.9,41.2,48.7,32.9,96.8,91.3,47.1,100.0,67.6,67.43,Moderate
Tirunelveli,85.0,92.9,93.0,54.5,29.4,22.7,12.0,97.7,93.3,79.8,98.1,85.6,90.38,Good
Sitamarhi,20.3,51.1,57.3,61.4,54.2,40.8,16.2,78.4,70.4,50.7,99.7,51.7,59.01500000000001,Poor
Gomati,40.6,66.3,68.6,63.2,22.7,29.0,27.6,89.9,75.6,77.4,87.7,77.2,72.9,Moderate
Jajapur,73.8,92.4,91.8,74.1,25.5,21.8,15.9,96.5,81.3,47.4,92.0,75.8,83.75500000000001,Moderate
Junagadh,72.5,84.1,82.8,55.5,37.3,26.4,17.3,96.9,95.0,81.7,97.0,82.8,83.925,Moderate
Faridkot,53.4,81.7,84.3,58.9,28.1,20.7,10.3,86.1,72.5,87.5,92.5,72.6,81.05,Moderate
Shajapur,64.7,85.6,88.2,51.4,27.8,27.6,23.4,97.5,91.4,74.5,91.8,58.0,82.61500000000001,Moderate
Amritsar,56.5,90.1,88.5,49.7,19.4,11.2,11.9,89.4,74.0,86.0,99.6,80.2,87.11,Good
Thoubal,89.9,75.6,73.0,19.2,31.5,14.9,8.3,77.4,80.2,61.3,72.5,85.4,87.0,Good
Guna,68.3,78.0,87.9,49.2,31.9,25.1,10.1,87.0,82.2,55.6,81.4,53.2,80.47999999999999,Moderate
Sehore,45.0,74.4,80.4,50.5,21.9,27.6,20.3,80.8,65.7,75.2,92.2,64.3,76.73500000000001,Moderate
Hamirpur,43.2,87.2,79.0,49.7,48.0,36.3,20.6,92.5,84.5,77.7,99.4,69.4,75.77499999999999,Moderate
Buxar,27.4,66.9,68.3,66.0,39.6,45.3,33.2,90.5,75.0,52.4,99.8,68.1,64.875,Moderate
Munger,36.8,80.7,83.4,73.8,35.5,39.5,26.7,86.8,75.1,62.8,97.7,69.5,71.235,Moderate
Gadchiroli,86.8,91.5,93.7,67.3,35.7,35.4,30.0,100.0,100.0,62.4,83.0,79.4,83.73000000000002,Moderate
Cuddalore,82.2,87.7,93.9,55.6,20.2,18.0,13.9,97.3,84.8,61.3,99.5,78.3,89.15499999999999,Good
Rajkot,93.5,98.1,98.3,72.7,38.9,37.0,17.6,88.8,89.5,85.4,99.5,84.7,87.39999999999998,Good
Fazilka,36.5,84.3,83.6,66.0,35.9,20.2,9.5,83.1,71.1,81.8,97.3,69.4,76.65999999999998,Moderate
Ambedkar Nagar,44.5,76.8,74.5,55.0,31.1,29.2,17.8,83.5,76.7,63.6,100.0,76.2,75.78,Moderate
Gurdaspur,61.1,86.0,83.8,54.7,25.1,15.3,9.5,87.8,87.0,85.4,97.6,82.0,85.71999999999998,Good
Mirzapur,36.5,69.8,69.6,43.6,43.4,27.6,12.5,80.9,74.0,72.3,96.9,70.9,72.775,Moderate
Bilaspur,81.4,92.9,90.0,55.5,40.1,38.8,12.0,100.0,100.0,80.8,92.9,91.2,86.745,Good
Akola,76.3,82.3,92.2,60.3,31.8,30.8,29.4,83.8,77.0,69.5,95.1,87.5,81.83499999999998,Moderate
South,85.6,82.9,81.3,42.0,33.4,18.9,9.4,95.4,88.5,89.5,100.0,86.1,89.33999999999997,Good
Shravasti,42.4,68.3,68.4,46.4,50.9,40.8,20.3,78.1,65.5,58.1,99.3,39.1,67.065,Moderate
Hanumakonda,71.3,92.6,92.3,54.9,29.5,36.0,29.5,91.8,72.7,81.2,99.1,76.9,83.435,Moderate
Shopian,86.8,84.5,83.0,77.5,22.0,33.5,32.8,100.0,92.2,86.5,99.2,80.8,84.25000000000001,Moderate
Thrissur,82.4,95.2,88.4,36.5,22.0,17.3,9.6,0.0,0.0,99.5,93.7,99.4,85.47,Good
Bageshwar,67.9,78.1,79.8,27.3,23.6,11.9,7.7,93.2,88.8,88.5,92.0,87.2,89.13499999999999,Good
Kalimpong,79.2,73.9,84.7,60.1,34.3,31.6,20.6,100.0,95.9,83.0,90.8,77.0,82.39500000000001,Moderate
Palghar,86.3,97.0,96.5,52.1,33.0,37.1,23.9,100.0,94.0,75.1,91.1,77.6,87.77499999999998,Good
Varanasi,51.4,85.1,82.0,42.0,37.4,39.0,21.0,89.5,87.1,83.2,98.4,79.0,79.725,Moderate
Vellore,95.4,98.6,96.7,47.2,29.8,19.7,13.1,95.5,93.9,76.2,97.7,81.6,93.54500000000002,Good
Muzaffarnagar,44.0,88.5,87.3,48.8,29.8,29.9,20.7,77.6,74.1,80.1,99.9,72.1,79.385,Moderate
Garhwa,29.8,70.3,70.6,61.0,47.7,40.6,18.9,86.1,78.2,54.1,92.5,59.6,66.395,Moderate
Uttar Kashi,66.8,72.0,72.4,66.1,34.1,23.5,10.6,95.8,86.2,75.7,96.1,80.1,79.61999999999998,Moderate
Pashchim Champaran,25.4,57.3,64.1,56.3,43.5,30.3,13.2,79.9,74.7,43.3,99.7,52.5,64.815,Moderate
