index,2,73,74,39,33,34,80,97,overall_health_condition
0,Noklak,4.4,29.5,30.2,37.1,34.2,92.0,77.8,-0.9549556268431914
1,Tuensang,4.4,29.5,30.2,37.1,34.2,92.0,77.8,-0.9549556268431914
2,Kiphire,5.8,31.9,33.5,36.9,25.0,83.1,73.7,-1.1470721564844346
3,Phek,9.5,39.6,34.9,28.0,15.6,90.1,85.8,-1.1093309757045398
4,Mon,9.7,25.6,22.4,35.5,23.3,86.4,78.2,-1.2437387948559944
5,Purnia,11.1,41.0,41.5,43.5,47.1,35.6,47.5,-1.2932274735866782
6,Zunheboto,11.2,24.9,24.7,44.0,44.5,88.9,87.1,-0.6564171413493389
7,Saharsa,11.7,38.5,40.8,47.8,42.7,40.5,43.1,-1.303392571749975
8,Peren,14.5,46.9,45.1,34.9,20.7,89.4,77.6,-0.8183943292817218
9,Katihar,15.3,41.7,44.3,43.9,48.1,44.6,49.7,-1.0993279887414495
10,Longleng,15.4,28.5,28.5,34.1,25.7,86.6,82.0,-1.0664730337382278
11,Kishanganj,17.1,40.7,42.1,38.8,41.1,52.4,48.0,-1.248306499660431
12,Khagaria,17.4,54.2,52.2,34.8,36.4,65.0,51.8,-0.9939732399531336
13,Jehanabad,17.4,77.7,71.2,41.3,51.7,45.5,63.2,-0.3194869199403021
14,Patna,17.9,59.0,63.1,34.5,39.6,61.0,67.6,-0.6596192233942147
15,Mokokchung,18.2,47.4,47.3,31.4,22.9,96.7,94.0,-0.5399596233048612
16,Kra Daadi,18.3,34.9,37.3,28.8,14.5,89.3,53.5,-1.4597690568878436
17,Unnao,19.8,54.2,60.6,39.2,29.3,60.3,64.4,-0.8068657560751178
18,Sitamarhi,20.3,51.1,57.3,54.2,40.8,50.7,51.7,-0.6759619059132971
19,Madhepura,20.9,49.5,58.9,46.3,43.5,34.6,47.6,-0.9846373670272988
20,Begusarai,21.6,58.6,60.9,37.8,35.6,62.2,62.3,-0.6983411272734625
21,East Champaran,21.7,43.7,41.8,49.1,37.9,48.3,50.2,-1.0502010385358882
22,Bara Banki,22.6,41.5,42.4,41.9,31.9,62.4,56.1,-1.0694124909083524
23,Samastipur,23.5,52.1,51.5,44.0,42.8,48.8,54.3,-0.8446930329283828
24,North Garo Hills,24.3,40.5,41.8,35.6,15.8,84.9,86.1,-0.831618290046189
25,Vaishali,24.5,57.4,64.3,38.3,38.4,52.6,62.4,-0.7019104474822393
26,Unakoti,24.6,44.5,46.7,31.8,32.0,61.8,76.4,-0.9378232676193964
27,Darbhanga,24.9,50.5,50.9,45.4,39.2,48.7,49.4,-0.9355119139880088
28,Gaya,25.1,72.5,75.4,47.4,43.5,44.4,59.4,-0.3258404036436972
29,Sheohar,25.3,61.1,58.7,34.4,42.2,57.9,52.5,-0.7997984752654625
30,West Champaran,25.4,57.3,64.1,43.5,30.3,43.3,52.5,-0.9116632838959652
31,East Garo Hills,25.5,59.9,57.5,39.7,26.5,83.9,86.7,-0.2770592352188157
32,Kaimur Bhabhua,25.6,81.6,77.0,44.1,47.2,59.1,66.0,-0.0143148185512569
33,Bhadohi,25.8,69.5,67.5,42.7,26.5,68.8,69.7,-0.3780586944959019
34,Araria,25.8,46.4,48.2,49.9,47.8,32.2,43.7,-1.0208331414965195
35,Pakur,26.6,61.6,60.0,51.3,51.4,38.3,41.4,-0.6558897026284902
36,Buxar,27.4,66.9,68.3,39.6,45.3,52.4,68.1,-0.3709838454464396
37,West Kameng,27.6,38.9,33.8,24.2,13.4,88.9,71.1,-1.2777896005535834
38,Bhagalpur,27.6,54.0,60.5,40.0,40.4,60.9,65.6,-0.5732476057705317
39,Hathras,27.8,50.8,51.8,39.1,24.5,73.3,65.5,-0.7894372445244048
40,Gopalganj,27.9,53.9,54.2,34.2,29.2,60.1,63.3,-0.9164816742251974
41,Lakhisarai,28.0,66.7,74.1,42.7,45.1,51.6,57.9,-0.3902795162363979
42,Muzaffarpur,28.2,55.9,55.9,42.6,34.7,55.2,63.0,-0.7012936667698655
43,Kohima,28.3,58.9,55.6,28.3,22.1,87.4,95.2,-0.4186662747886814
44,Sheikhpura,28.4,77.1,78.7,53.6,37.6,54.2,55.0,-0.1481816497480473
45,South West Garo Hills,28.5,60.6,55.1,32.2,26.4,71.4,82.6,-0.5761275650636374
46,Pakke Kessang,29.1,53.6,54.6,35.7,14.2,75.6,59.1,-0.9785352137413574
47,East Kameng,29.1,53.6,54.6,35.7,14.2,75.6,59.1,-0.9785352137413574
48,Ghazipur,29.2,71.5,69.1,39.3,38.3,64.1,72.4,-0.2406904938620441
49,Nalanda,29.3,77.5,73.0,42.6,46.7,52.5,56.1,-0.2772508690969565
50,Aurangabad,29.3,71.5,72.0,41.2,48.7,47.1,67.6,-0.2601223158334476
51,Garhwa,29.8,70.3,70.6,47.7,40.6,54.1,59.6,-0.294596795543618
52,Alwar,30.0,72.9,76.2,33.9,24.0,66.0,63.2,-0.5351413299364263
53,Chitrakoot,30.3,50.3,49.6,47.5,41.8,56.7,56.2,-0.6807804806426281
54,Siwan,30.3,63.9,63.0,36.7,30.8,47.7,70.9,-0.680248875876545
55,Shi Yomi,30.4,61.4,60.6,24.5,16.2,87.7,76.1,-0.7047546073408575
56,West Siang,30.4,61.4,60.6,24.5,16.2,87.7,76.1,-0.7047546073408575
57,Ballia,30.5,76.6,72.9,43.8,42.5,61.7,70.0,-0.0593890842889568
58,Pratapgarh,30.6,71.1,67.3,35.5,27.7,52.0,74.8,-0.5441925764171979
59,Deoghar,30.7,55.6,56.4,41.7,36.9,41.6,50.7,-0.9431372760466424
60,Saran,30.7,54.1,58.3,39.7,45.0,37.2,65.6,-0.7375280273757756
61,Supaul,30.9,60.7,64.2,42.3,45.0,50.7,42.1,-0.7213392980780745
62,Panna,30.9,73.5,74.6,45.1,39.2,43.8,55.7,-0.4285881914771587
63,Siang,31.1,56.0,55.4,21.3,8.8,91.2,85.3,-0.8133736972650433
64,Lepa Rada,31.173,59.263,58.814,30.133,17.574,84.586,69.825,-0.7173814007351931
65,Basti,31.5,83.8,81.6,35.9,39.2,64.2,63.2,-0.1497192873472984
66,Hoshangabad,31.5,67.6,71.8,34.8,27.2,68.5,67.6,-0.4819731674864358
67,Nawada,31.6,74.1,80.5,49.4,37.3,47.9,62.1,-0.1953176769980139
68,Kathua,31.6,81.2,77.1,21.8,25.9,75.4,87.7,-0.2541725612288885
69,Banka,31.7,72.3,74.7,46.7,45.8,38.2,55.7,-0.3707548835108201
70,Amethi,31.7,76.3,73.7,35.8,33.1,60.9,63.3,-0.404241049011678
71,Upper Subansiri,32.1,56.7,56.7,36.8,19.2,80.9,62.3,-0.7337432497120702
72,Lower Siang,32.156,58.834,59.798,24.545,13.57,86.006,78.711,-0.7428283607376215
73,Anjaw,32.3,55.8,57.3,23.6,16.0,86.8,66.4,-0.918582974906264
74,Chatra,32.4,61.2,59.1,42.2,39.8,48.1,57.7,-0.6598766579978714
75,Cachar,32.7,57.3,61.4,28.7,38.2,57.6,77.2,-0.6269517982238023
76,Sambhal,32.9,67.5,67.5,51.6,29.8,72.8,51.3,-0.3180355384888847
77,Chandauli,32.9,65.2,63.5,39.5,29.9,66.7,70.6,-0.4284910796775687
78,Lawngtlai,33.0,46.2,28.4,32.7,16.9,90.3,76.0,-0.9391712511522128
79,Rewa,33.0,77.7,77.8,37.0,31.5,46.1,62.3,-0.4936802454587219
80,Moradabad,33.2,76.1,74.7,34.7,27.0,79.0,66.7,-0.2756860156530195
81,Bharatpur,33.2,75.9,76.8,40.3,29.1,62.7,61.1,-0.3471745737466804
82,South Garo Hills,33.3,65.9,61.7,29.8,20.8,88.4,88.6,-0.3159095108604659
83,Bhojpur,33.5,56.1,62.4,40.7,44.0,45.9,64.1,-0.590980685277459
84,Etah,33.6,60.2,61.6,48.8,30.6,62.7,67.8,-0.3788926905856202
85,Ayodhya,33.8,75.5,71.2,30.6,27.5,64.4,73.8,-0.4311271298705462
86,Palamu,33.8,70.3,70.1,43.7,37.3,46.3,62.5,-0.4258036185104388
87,Bongaigaon,33.9,57.0,63.3,46.2,35.3,72.5,75.8,-0.1934774501836435
88,Kaushambi,34.0,74.2,67.9,40.2,36.8,59.6,58.6,-0.3980014908550945
89,Upper Siang,34.0,56.4,52.9,30.4,12.0,91.8,70.9,-0.7648233938952256
90,Rohtas,34.2,85.0,80.7,40.0,48.2,69.0,76.5,0.2700390082061301
91,Bahraich,34.3,52.4,54.5,52.1,38.0,44.2,38.8,-0.8745765351913763
92,East Siang,34.3,55.7,58.8,24.6,10.3,83.9,81.9,-0.790599241307666
93,Simdega,34.4,61.5,62.3,42.2,37.0,71.3,66.4,-0.3289283939233215
94,Arwal,34.5,70.1,70.1,45.6,52.9,43.4,62.5,-0.2116119314093996
95,Wokha,34.7,50.7,45.4,26.3,28.0,88.5,91.6,-0.5367297196543537
96,Madhubani,34.9,58.9,61.0,43.3,36.0,38.2,53.2,-0.8227803112206222
97,Pashchimi Singhbhum,34.9,58.8,61.5,60.6,62.4,37.7,47.8,-0.223210376043942
98,Ranchi,35.2,83.1,84.5,28.3,40.6,77.2,76.0,0.0473863358047863
99,Shahjahanpur,35.3,62.8,63.6,44.5,34.7,69.2,56.8,-0.4185655314079882
100,South Salmara Mancachar,35.3,62.6,56.1,38.9,27.9,59.0,63.5,-0.6963770468698193
101,Sitapur,35.4,71.5,67.9,47.8,37.9,52.5,53.4,-0.3874242432736685
102,Namsai,35.4,51.2,52.0,28.7,17.7,75.1,62.6,-1.02690770947772
103,Saiha,35.5,59.6,22.8,43.8,17.6,91.5,95.1,-0.3847973513127786
104,Tirap,35.7,49.8,51.6,38.6,16.0,86.7,72.8,-0.6505098783923817
105,Kushinagar,35.8,79.3,74.7,32.2,36.6,73.1,62.5,-0.2515497263170514
106,Sagar,35.9,71.5,79.8,42.7,35.8,68.8,69.4,-0.0567650259477967
107,Jamtara,36.0,69.9,66.5,41.9,46.2,52.8,53.5,-0.4089450120429854
108,Sahibganj,36.2,64.8,61.0,49.1,44.8,43.2,48.8,-0.5376085755317164
109,Sonbhadra,36.4,59.9,57.4,38.3,46.5,70.6,60.9,-0.3944114607948341
110,Hazaribagh,36.4,65.4,67.7,37.8,32.5,55.6,67.2,-0.5056618374495141
111,Mirzapur,36.5,69.8,69.6,43.4,27.6,72.3,70.9,-0.2032653839505783
112,Fazilka,36.5,84.3,83.6,35.9,20.2,81.8,69.4,-0.0985099217640353
113,Jhansi,36.6,80.4,76.1,40.9,39.3,73.2,69.2,0.0548082495379219
114,Munger,36.8,80.7,83.4,35.5,39.5,62.8,69.5,-0.0674711403703974
115,Kokrajhar,36.9,68.3,65.5,34.6,35.2,72.2,73.7,-0.2840690251986842
116,Chhatarpur,36.9,72.2,79.8,45.1,34.6,55.5,60.5,-0.244002964582227
117,Kamle,36.902,64.246,62.783,32.583,11.527,82.213,69.914,-0.6448311973231785
118,Khunti,37.4,63.9,61.0,38.5,44.0,55.2,55.3,-0.5551605157406682
119,Darrang,37.5,53.2,66.3,42.0,33.1,67.9,75.6,-0.330195693302674
120,Dhubri,37.6,48.4,54.5,48.5,37.8,61.8,69.5,-0.4301518673919794
121,Tawang,37.6,49.6,48.8,30.4,9.0,81.7,56.6,-1.145914633335784
122,Lohardaga,37.7,79.2,82.1,40.7,43.4,67.7,65.2,0.0550474591461604
123,Jamui,37.9,66.7,69.8,43.0,37.5,37.6,48.7,-0.6898271525378261
124,Mainpuri,38.1,63.3,66.9,44.3,33.6,63.1,74.2,-0.2326605119603198
125,Fatehpur,38.1,66.8,65.5,51.1,38.0,63.1,62.3,-0.1679402970488086
126,Kasganj,38.1,62.0,67.8,45.1,35.5,69.8,56.4,-0.3460040565378527
127,Azamgarh,38.5,72.9,72.5,33.4,28.0,72.8,76.5,-0.2413394306250923
128,Kamjong,38.8,44.9,44.8,27.1,16.0,81.4,86.9,-0.8332540436801542
129,Ukhrul,38.8,44.9,44.8,27.1,16.0,81.4,86.9,-0.8332540436801542
130,Banda,39.0,73.7,65.1,51.0,49.8,59.3,57.0,-0.0432480015747135
131,Lower Subansiri,39.1,67.7,65.5,30.7,8.1,82.8,73.4,-0.6028709415810097
132,Godda,39.2,67.9,66.8,39.4,40.7,54.9,46.6,-0.5826601494761442
133,Papum Pare,39.3,53.2,58.1,29.7,15.6,75.7,77.0,-0.7563752599937625
134,Firozabad,39.3,73.7,72.0,46.9,25.6,69.0,71.4,-0.1086700960709962
135,Dumka,39.3,54.9,57.1,38.2,44.9,41.5,51.8,-0.8294229678337448
136,Mathura,39.3,62.8,67.2,31.6,21.3,71.2,64.4,-0.6620919177584628
137,Sidhi,39.4,79.7,75.9,39.1,32.8,44.7,64.4,-0.3760826439766294
138,Pauri Garhwal,39.6,64.0,70.7,30.0,18.8,83.3,84.0,-0.3329343225355584
139,Longding,39.6,57.1,55.5,15.8,13.8,83.5,70.2,-1.027525982017237
140,Lohit,39.6,66.2,66.2,24.5,12.9,83.7,70.9,-0.6816977169468956
141,Hardoi,39.7,67.0,62.8,44.5,33.0,55.7,55.0,-0.5219957243389353
142,Upper Dibang Valley,40.4,66.2,58.3,16.9,16.0,95.0,76.6,-0.6733383928997778
143,Budaun,40.6,62.4,59.4,51.8,43.0,69.7,49.7,-0.2569461205259706
144,Gomati,40.6,66.3,68.6,22.7,29.0,77.4,77.2,-0.460383583346765
145,Purbi Singhbhum,40.7,84.0,85.9,35.9,41.6,70.2,73.8,0.1715281312091268
146,Ramgarh,40.9,78.0,75.8,35.3,35.3,64.2,71.0,-0.1593718461574961
147,Sheopur,41.0,76.2,73.2,45.8,37.7,48.0,49.8,-0.3770316081907341
148,Balrampur,41.0,62.1,61.3,41.2,37.2,59.7,43.2,-0.6833880622248278
149,Shamli,41.0,81.3,75.2,28.6,27.5,83.3,64.2,-0.2582794431910446
150,Farrukhabad,41.5,72.5,72.0,47.8,31.1,72.6,63.1,-0.0806896229059991
151,Khowai,41.5,59.7,62.9,47.0,24.7,67.8,80.5,-0.2259117104635682
152,Gonda,41.7,68.6,72.1,45.9,28.0,44.6,57.7,-0.5198070269193924
153,Morigaon,42.0,67.9,72.6,43.2,30.5,62.3,78.7,-0.1224175261047776
154,Karauli,42.0,89.4,87.5,37.6,37.3,49.9,53.3,-0.2092107647480626
155,Giridih,42.1,61.3,61.0,31.9,34.3,59.2,53.4,-0.7801488857937457
156,Dholpur,42.4,79.4,84.9,45.7,31.3,57.5,57.7,-0.1328020439856462
157,Shrawasti,42.4,68.3,68.4,50.9,40.8,58.1,39.1,-0.3848637578636533
158,Baghpat,42.4,79.1,82.3,25.5,26.0,87.0,76.3,-0.1053588539829473
159,Deoria,42.5,77.2,73.9,36.8,39.4,69.1,71.3,-0.0416914290638056
160,Agra,42.7,77.2,75.2,35.9,26.2,70.8,63.1,-0.298337867780401
161,Karimganj,42.8,63.9,70.2,29.1,52.9,61.5,80.7,-0.1318287276350281
162,Bareilly,43.1,75.2,75.4,45.9,35.2,79.7,53.9,-0.0360669889339882
163,Latehar,43.1,70.7,61.7,40.1,39.4,51.4,54.9,-0.5101159333476373
164,Hailakandi,43.1,68.8,70.1,42.9,42.4,60.0,82.2,0.0414547513484293
165,West Jaintia Hills,43.1,28.6,30.8,48.7,28.3,75.1,80.0,-0.668164031555405
166,Hamirpur,43.2,87.2,79.0,48.0,36.3,77.7,69.4,0.3341685491182027
167,Mau,43.2,80.0,75.7,25.4,30.3,75.1,72.0,-0.2581357804735528
168,Sant Kabir Nagar,43.2,72.5,75.1,42.3,34.2,65.1,61.3,-0.1941557554215928
170,Rae Bareli,43.6,60.1,61.6,47.0,28.8,55.0,62.8,-0.4948654873030054
171,Barpeta,43.6,70.5,73.9,29.8,26.2,63.7,74.8,-0.4111328605713922
169,Pilibhit,43.6,72.6,71.2,38.9,39.4,76.8,54.7,-0.1887844428003848
172,Etawah,43.7,79.3,79.5,38.8,24.3,78.1,77.4,0.0354762204308949
173,East District,43.8,65.8,59.2,17.8,13.0,85.0,90.1,-0.6005486507848311
174,Amroha,43.9,77.7,79.5,42.2,35.4,78.9,61.2,0.0441199632267746
175,Muzaffarnagar,44.0,88.5,87.3,29.8,29.9,80.1,72.1,0.0602925878379897
176,Kurung Kumey,44.1,62.3,61.1,29.2,13.9,78.3,76.0,-0.622826424753396
177,Goalpara,44.1,73.5,80.0,38.9,35.4,75.3,74.1,0.0661703142167549
178,Almora,44.3,78.1,79.6,26.0,22.9,89.2,86.3,-0.0172420266204123
179,Ambedkar Nagar,44.5,76.8,74.5,31.1,29.2,63.6,76.2,-0.2577909559336315
180,Dhanbad,44.6,73.2,74.3,27.0,25.1,67.6,69.7,-0.4635341940688539
181,Aligarh,44.7,82.1,80.3,35.0,26.3,69.4,66.0,-0.183686663080503
182,Pali,45.0,96.4,94.7,35.9,35.9,81.8,74.4,0.4466843687510399
183,Sehore,45.0,74.4,80.4,21.9,27.6,75.2,64.3,-0.4490336181585298
184,Churu,45.0,73.9,75.2,27.1,23.4,80.2,63.9,-0.4162301258703026
185,Sonitpur,45.5,63.5,67.4,36.7,21.9,72.2,76.9,-0.3476864962580335
186,Lalitpur,45.7,71.1,64.8,46.6,34.8,64.2,55.3,-0.2734951041414097
187,Prayagraj,45.9,67.5,59.6,37.9,32.6,59.5,67.7,-0.4415198315681704
188,Nuh,45.9,65.9,66.9,44.4,37.3,71.7,41.9,-0.4016019904394882
189,Mahoba,46.2,86.3,80.8,42.3,33.4,69.0,65.6,0.0929486802714484
190,Nagaur,46.2,80.8,85.5,31.5,26.2,79.0,67.2,-0.1010304343077027
191,Kannauj,46.4,70.3,66.8,43.0,33.5,70.1,64.8,-0.1741554290509934
192,Damoh,46.4,75.8,78.8,40.3,32.3,40.6,61.6,-0.3934127063018964
193,Biswanath,46.5,56.5,58.1,42.7,41.0,76.6,69.2,-0.1827567278841035
194,West Karbi Anglong,46.7,55.7,60.5,40.9,31.1,76.7,73.9,-0.2734127921792914
195,Dima Hasao,46.9,73.8,76.8,30.6,21.7,83.8,87.7,-0.0301339758260985
196,Gaurella Pendra Marwahi,46.9,75.7,78.6,25.7,28.0,80.5,72.8,-0.2118774780095151
197,Changlang,46.9,69.7,67.4,26.3,25.0,82.3,74.0,-0.3681159669072036
198,Kamrup,46.9,61.4,67.0,22.6,19.7,68.7,79.6,-0.6531725302091143
199,Bilaspur,46.9,75.7,78.6,25.7,28.0,80.5,72.8,-0.2118774780095151
200,Sultanpur,47.0,70.5,69.4,33.4,28.3,65.1,71.9,-0.3533299129754866
201,Sawai Madhopur,47.3,75.2,82.8,26.9,24.2,71.2,55.7,-0.4937020726080874
202,Parbhani,47.4,64.4,66.8,37.6,41.8,60.1,73.4,-0.2096719544296661
203,Jaunpur,47.6,82.3,79.4,40.5,30.3,62.6,75.9,0.0392351881287719
204,Bulandshahr,47.6,82.5,82.8,37.6,26.5,81.5,69.2,0.0664353991952907
205,Jaisalmer,47.6,80.1,79.0,25.5,31.7,75.7,62.2,-0.2858212001166567
206,Kodarma,47.6,75.8,78.0,34.6,31.7,54.0,63.6,-0.3557575901112349
207,Sangrur,47.7,86.6,87.9,23.4,18.1,92.4,78.3,-0.0093361083759981
208,Malerkotla,47.7,86.6,87.9,23.4,18.1,92.4,78.3,-0.0093361083759981
209,West Garo Hills,48.0,70.9,67.2,39.5,26.3,86.3,89.0,0.1275596975901115
210,Kheri,48.0,60.5,55.7,47.6,36.3,65.6,57.5,-0.3656713292726009
211,Gurugram,48.1,87.7,87.6,22.1,22.2,84.5,85.4,0.0409850302996686
212,Bathinda,48.2,78.7,81.3,23.0,23.8,88.4,69.2,-0.2216862802846201
213,Ferozepur,48.4,83.9,84.7,30.0,22.0,84.8,75.4,0.0079774720754447
214,Haridwar,48.5,74.2,76.6,31.1,27.0,69.8,73.7,-0.2354627019480041
215,Jashpur,48.6,82.7,80.7,35.8,33.6,72.8,73.1,0.0804736261151479
216,Lower Dibang Valley,48.6,58.6,58.4,14.3,9.7,89.9,80.0,-0.8254993477935451
217,Bokaro,48.7,73.5,70.0,36.2,32.3,64.4,69.2,-0.2402378939497035
218,Bijnor,48.8,82.4,81.9,36.2,21.9,78.2,72.8,-0.007959364531014
219,Umaria,48.9,89.7,87.9,45.3,36.6,53.7,63.0,0.1326414678572841
220,Surajpur,48.9,83.0,81.2,27.6,32.3,75.4,66.9,-0.1281466811663598
221,Tehri Garhwal,48.9,78.5,80.4,29.3,20.7,84.6,74.9,-0.1180370198646327
222,Dewas,49.1,84.3,82.7,36.8,30.7,69.6,64.2,-0.0368692602520377
223,Jhunjhunu,49.2,84.6,86.6,20.9,19.6,79.0,74.4,-0.2288283928760186
224,Panipat,49.2,92.8,93.2,25.1,18.9,79.3,83.8,0.0945945152131794
225,Gumla,49.3,82.4,78.4,40.2,38.7,50.1,63.7,-0.1145566695634369
226,Korba,49.3,76.7,70.7,34.7,27.9,73.3,73.2,-0.1518751967147681
227,Mansa,49.4,84.3,83.2,36.6,22.7,85.4,67.4,0.0483942817203685
228,Baloda Bazar,49.5,72.6,69.7,40.9,34.1,78.9,73.4,0.0507906503255685
229,Jind,49.6,96.4,94.5,25.5,22.9,88.5,81.3,0.2611670434508867
230,Udalguri,49.8,53.1,62.9,33.8,32.5,73.8,70.0,-0.442144248617099
231,Meerut,49.9,81.2,81.2,32.1,23.7,82.7,79.0,0.0450381375864252
232,Dimapur,50.083,68.693,64.693,28.3,29.794,81.105,86.607,-0.1411203329732922
233,Auraiya,50.4,77.8,73.3,39.7,32.6,74.3,74.9,0.073891517483773
234,Sikar,50.4,83.5,87.8,23.1,18.3,77.9,71.8,-0.2374402579373034
235,Rampur,50.4,72.5,72.5,40.4,32.1,79.0,57.0,-0.1473927420624082
236,Bikaner,50.5,81.2,80.8,22.8,28.5,79.8,62.5,-0.2872234332988408
237,Dungarpur,50.6,92.6,92.4,31.4,25.9,59.9,66.0,-0.0894734219258829
238,North Delhi,50.6,68.9,73.4,25.0,17.4,70.2,80.0,-0.4609491747299392
239,Koppal,50.7,80.7,79.5,49.1,45.8,58.8,59.8,0.1818700107206121
240,East Godavari,51.0,91.9,93.5,23.1,22.4,77.7,77.9,0.0249925384610904
241,Faridabad,51.2,93.5,93.3,28.9,19.5,84.2,82.3,0.223778674286159
242,Hojai,51.3,63.9,68.4,39.3,28.4,63.1,83.2,-0.1701262960758567
243,Kapurthala,51.4,88.4,86.4,24.6,19.2,87.7,84.1,0.0835332559187882
244,Varanasi,51.4,85.1,82.0,37.4,39.0,83.2,79.0,0.4041344377128028
245,Satna,51.5,81.3,79.7,49.4,31.2,55.4,69.1,0.0893723402528525
246,Lakhimpur,51.7,67.7,77.0,38.5,34.4,74.2,83.9,0.123091835711288
247,Dhalai,52.0,72.4,73.1,45.7,27.6,67.6,71.6,-0.0254554182377547
248,Balrampur,52.1,78.6,72.7,35.1,38.8,57.3,65.4,-0.1881472687385976
249,Chamoli,52.2,72.1,67.8,34.1,21.6,87.6,89.2,0.0288402570069218
250,Pathankot,52.4,88.5,82.4,22.1,10.8,79.2,88.7,-0.1248927670886425
251,Saharanpur,52.4,83.6,79.1,28.8,26.7,83.8,71.2,-0.0358737291380317
252,Mahrajganj,52.5,77.2,76.4,40.5,37.4,66.7,62.0,-0.0359976131348466
253,Mamit,52.5,63.9,44.9,26.4,13.9,92.7,89.6,-0.4451891513770116
254,Gautam Buddha Nagar,52.7,85.4,84.0,25.5,21.9,74.0,79.9,-0.084788488650161
255,Shivpuri,52.7,88.1,84.7,39.2,36.1,55.5,56.7,-0.0614177630925117
256,Ajmer,52.8,82.3,82.0,22.3,23.1,77.5,68.4,-0.2799183463643898
257,Sipahijala,52.8,72.1,70.1,34.5,21.0,75.4,79.6,-0.175061286126291
258,Katni,52.9,82.2,83.7,49.5,44.0,53.5,67.2,0.272326005229408
259,Mayurbhanj,52.9,86.3,81.2,36.7,45.9,54.4,58.6,-0.0157574666830781
260,Pratapgarh,52.9,94.0,93.0,29.0,31.8,46.3,53.5,-0.2971002676627559
261,Hanumangarh,53.1,83.4,84.8,24.2,21.3,83.8,68.2,-0.1731182458170689
262,Lucknow,53.1,78.7,71.3,32.1,25.5,80.4,78.4,-0.0498873776475036
263,Hapur,53.3,83.0,83.3,30.2,26.9,85.6,73.7,0.0774117696003686
266,Charki Dadri,53.4,93.9,91.9,23.9,16.9,90.4,83.6,0.1784161462331188
264,Palwal,53.4,82.7,83.0,31.0,21.0,80.3,68.3,-0.103247577714208
265,Faridkot,53.4,81.7,84.3,28.1,20.7,87.5,72.6,-0.0406988522731243
267,Jaipur,53.5,89.4,92.6,25.0,20.8,79.6,72.4,-0.0223581477078225
268,Nanded,53.5,76.1,79.3,36.0,35.2,68.0,71.9,0.0036874110776521
269,Kalaburagi,53.6,79.6,78.1,34.5,36.2,36.5,68.2,-0.326265762324445
270,Dausa,53.6,89.7,93.1,37.7,33.5,59.4,60.3,0.0536608073460569
271,Datia,54.2,82.0,82.2,36.8,29.4,66.8,67.2,-0.0343392694948182
272,Saraikela-kharsawan,54.4,77.2,73.9,40.0,48.7,60.9,64.0,0.0626265081301503
273,Mandla,54.4,84.2,83.5,32.1,33.0,58.4,66.5,-0.1271068382671828
274,Kanpur Dehat,54.4,67.9,62.6,44.1,32.8,70.6,70.8,-0.0895019444302851
275,Bemetara,54.6,91.5,91.9,38.4,27.6,80.5,71.1,0.3307120539115739
276,Alirajpur,54.7,79.9,74.6,34.6,31.6,84.7,40.8,-0.2762932183835709
277,Vikarabad,54.8,80.8,86.9,32.1,37.1,66.7,59.3,-0.0815843638347827
278,Kottayam,55.1,85.0,83.5,23.4,17.3,98.6,99.7,0.2914612203624245
279,Bastar,55.1,69.2,64.6,48.1,45.2,61.0,52.9,-0.1203794381155843
280,Mahendragarh,55.2,88.0,90.4,25.2,15.4,79.8,81.1,-0.0049275033035977
281,Rajgarh,55.2,73.3,78.1,27.6,26.8,47.8,52.1,-0.7121702164365742
282,Bidar,55.3,89.6,86.5,36.8,36.1,56.5,73.8,0.1561836947611136
283,Thiruvananthapuram,55.3,86.2,88.0,19.5,15.2,95.4,98.5,0.2009406143677942
284,Raigarh,55.4,89.6,88.9,39.1,28.0,66.3,74.9,0.2207758343635841
285,Nalbari,55.9,73.8,73.2,27.5,26.7,68.1,83.9,-0.1811925339478708
286,Baksa,56.0,65.0,70.9,41.2,34.0,68.9,74.8,-0.0392733415549965
287,Banas Kantha,56.1,86.1,87.4,39.0,44.1,53.9,63.7,0.1361447006399291
288,Kangra,56.3,88.7,85.9,28.0,32.0,73.3,94.4,0.3345521971370141
289,Gorakhpur,56.3,79.1,73.9,29.6,33.7,69.6,68.8,-0.1542178973318838
290,Vijayapura,56.4,74.4,74.8,45.9,39.0,44.8,66.6,-0.0795679685353477
291,Ballari,56.4,86.6,84.2,36.1,36.5,64.1,64.4,0.066161655620072
292,Tamenglong,56.4,52.7,49.2,27.1,19.3,77.9,76.8,-0.6968859103764268
293,Noney,56.4,52.7,49.2,27.1,19.3,77.9,76.8,-0.6968859103764268
294,Chirang,56.5,59.7,63.0,42.7,39.7,77.1,71.5,-0.018723331665214
295,Amritsar,56.5,90.1,88.5,19.4,11.2,86.0,80.2,-0.1062489913352155
296,Dindori,56.5,82.9,80.9,38.9,33.6,47.9,63.7,-0.1455476327489648
297,Mahesana,56.6,79.7,83.4,31.0,41.4,72.1,75.1,0.1630768300845545
298,Raisen,56.6,88.8,89.0,30.4,25.4,69.6,75.2,0.0617143925437376
299,Baleshwar,56.6,87.6,86.9,24.4,22.6,70.9,73.8,-0.1211748681366491
300,Hnahthial,56.7,67.1,39.4,26.5,11.1,95.6,91.6,-0.415240681960493
301,Lunglei,56.7,67.1,39.4,26.5,11.1,95.6,91.6,-0.415240681960493
302,Jodhpur,56.7,81.6,83.9,32.6,25.4,75.4,67.4,-0.0516272317106917
303,Medinipur East,56.8,48.5,58.1,25.8,30.6,69.8,77.0,-0.6070773121432286
304,Beed,56.8,79.8,80.6,40.8,36.8,66.4,76.3,0.223355486668683
305,Bijapur,56.9,64.9,58.2,53.8,46.1,30.6,44.7,-0.4722554112095889
306,Kendujhar,57.1,75.4,72.3,36.2,37.1,47.6,64.6,-0.2890606045176915
307,Aurangabad,57.2,76.4,82.6,34.2,42.9,69.1,83.1,0.2731838418235429
308,Ambala,57.4,86.9,86.9,24.1,13.7,87.2,85.0,0.0423217278420848
309,Shahdol,57.4,83.2,79.3,44.0,39.2,61.4,68.5,0.2011213952938617
310,Surendranagar,57.5,78.4,73.4,39.2,41.8,63.8,75.1,0.147057470275529
311,East Khasi Hills,57.5,33.6,41.6,44.6,23.8,80.9,93.7,-0.334114894421178
312,Surguja,57.7,83.4,79.1,29.4,30.6,75.8,71.0,-0.0145597049498386
313,Purulia,57.8,51.5,68.4,36.9,46.3,29.2,61.0,-0.6388224380321007
314,Gariaband,57.8,86.3,82.3,28.9,22.1,81.0,68.9,-0.0524104140123799
315,Uttara Kannada,57.9,87.4,87.8,29.6,33.3,89.6,84.3,0.4304361754359077
316,Ashoknagar,57.9,77.8,76.4,32.6,31.1,53.7,57.0,-0.4004805152715938
317,Sri Muktsar Sahib,57.9,88.1,89.4,35.0,30.7,82.9,71.1,0.2986659140694693
318,Singrauli,58.1,72.2,66.7,37.3,36.0,52.6,60.7,-0.3565693771707874
319,Nandurbar,58.2,74.4,74.2,45.8,57.2,54.1,57.7,0.1451744776245546
320,Jalgaon,58.4,74.5,78.5,36.3,36.9,59.7,76.5,0.0209105234915903
321,Moga,58.4,87.4,88.2,22.0,16.8,87.8,74.7,-0.0488900983502627
322,Jalna,58.4,74.0,78.9,38.0,39.0,63.6,71.8,0.0593466713595162
323,South Tripura,58.4,68.0,67.7,25.5,21.6,68.6,80.3,-0.4109451526637198
324,Visakhapatnam,58.6,84.8,90.9,31.0,33.5,77.8,69.5,0.179694706451202
325,East Jaintia Hills,58.6,49.1,45.0,49.8,23.6,83.6,76.0,-0.2323240782922697
326,Ganganagar,58.7,85.9,84.6,24.5,26.1,83.4,69.3,-0.031610823665773
327,Haveri,58.7,92.4,85.4,29.9,35.0,68.9,71.5,0.1459629157844604
328,Pithoragarh,58.7,82.0,82.7,25.6,20.6,84.5,87.6,0.088859733632785
329,Kabeerdham,58.9,93.0,94.3,37.9,27.3,80.3,66.2,0.3254642880327728
330,Narayanpur,59.1,76.9,71.3,43.7,39.5,52.8,52.0,-0.198381158400328
331,Nagaon,59.4,62.0,65.3,38.9,32.4,66.1,78.4,-0.1411935902662934
332,North  District,59.4,71.3,72.0,31.8,15.3,83.8,81.4,-0.1415760990038068
333,Udupi,59.4,89.2,87.7,23.1,21.0,94.5,90.3,0.2948435843044168
334,Hamirpur,59.4,88.9,96.8,27.3,23.6,85.5,94.8,0.4536558249811616
335,Nainital,59.7,75.9,76.3,23.2,14.8,82.4,83.9,-0.2050821558521513
336,Hoshiarpur,59.7,92.9,90.0,19.3,12.4,89.7,91.3,0.1385641101883138
337,Kurukshetra,59.8,95.3,96.5,24.9,22.5,82.6,83.0,0.2914263439613967
338,Kullu,60.0,84.6,86.6,35.9,25.6,81.2,87.4,0.381981980025483
339,Washim,60.0,83.4,83.4,35.3,39.3,61.5,78.0,0.2120900755713675
340,Jhajjar,60.1,96.0,96.2,15.6,9.7,91.7,88.2,0.1057901337117085
341,Fatehabad,60.1,96.9,94.4,24.6,26.6,87.3,71.1,0.2416561820306542
342,Tarn Taran,60.3,85.5,83.3,23.8,14.4,82.0,66.0,-0.2529450957205769
343,Ujjain,60.3,84.5,84.0,34.7,36.2,72.8,64.3,0.1228671663237549
344,Serchhip,60.345,85.397,43.243,31.55,14.297,98.157,99.493,0.0804441478846832
345,Jabalpur,60.4,97.5,88.9,18.0,31.3,61.9,68.2,-0.1337345219175623
346,Bhiwani,60.4,91.5,91.2,29.0,20.6,89.7,78.8,0.2791790939848086
347,Shahid Bhagat Singh Nagar,60.5,96.6,94.7,17.9,11.2,91.3,88.1,0.1585912314579112
348,Neemuch,60.6,93.3,92.9,33.0,27.7,68.9,67.3,0.1485641060275348
349,Rajsamand,60.7,82.6,79.2,30.3,23.7,72.1,67.7,-0.1465224128435715
350,Mandsaur,60.8,93.6,90.1,30.9,22.9,65.4,64.8,-0.035957224249894
351,Siddharthnagar,60.9,61.8,57.2,37.2,36.3,42.8,48.3,-0.7610260819608587
352,Ri Bhoi,61.0,39.5,39.3,42.5,29.6,85.3,89.5,-0.2423094058057943
353,Gurdaspur,61.1,86.0,83.8,25.1,15.3,85.4,82.0,0.0198386408397615
354,West Tripura,61.2,87.7,88.7,30.3,21.2,80.2,86.2,0.2554334387652261
355,Kheda,61.2,85.1,83.2,37.3,39.5,63.3,70.9,0.2084928388891646
356,Khargone,61.3,83.7,83.6,31.4,44.0,73.8,59.5,0.1114181704552741
357,Churachandpur,61.3,58.2,56.8,25.1,9.8,81.2,84.2,-0.5804949826274232
358,Pherzawl,61.3,58.2,56.8,25.1,9.8,81.2,84.2,-0.5804949826274232
359,Sirsa,61.9,97.4,98.4,25.0,23.4,81.9,70.6,0.2046519601874447
360,Ghaziabad,62.0,84.8,85.3,28.2,23.4,84.5,80.1,0.1599173036229744
361,Champawat,62.0,80.8,80.5,24.9,15.3,82.7,83.8,-0.0623542267164335
362,Dhemaji,62.2,72.8,75.4,37.2,25.7,70.8,81.5,0.0388644657198336
363,East Nimar,62.2,93.3,87.5,38.4,35.3,76.7,65.8,0.3668445629815016
364,Udaipur,62.3,96.6,95.2,34.0,26.6,60.3,62.0,0.0749467942768475
365,Guntur,62.5,94.0,97.2,23.8,26.9,83.4,68.5,0.1770671512024909
368,Mahabubnagar,62.6,84.9,85.5,42.6,33.0,73.7,59.6,0.2149372699581744
366,Narayanpet,62.6,84.9,85.5,42.6,33.0,73.7,59.6,0.2149372699581744
367,Siddipet,62.6,74.1,85.9,28.1,29.6,84.1,71.0,0.0306545691851694
369,West Godavari,62.7,94.8,96.4,31.4,22.5,80.8,77.0,0.3395553406177921
370,Chamba,62.7,72.9,70.8,42.6,26.0,86.5,84.1,0.2850399629518302
371,Jalaun,62.8,67.5,65.9,45.1,36.1,80.2,66.8,0.1020227500586657
372,Wanaparthy,62.8,87.6,83.6,40.4,33.2,75.9,52.1,0.1197676686255165
373,Janjgir Champa,62.8,85.9,82.6,32.5,30.2,78.8,74.9,0.2057601755264407
375,Burhanpur,63.1,84.6,84.8,38.7,47.2,74.0,64.7,0.3850216473181175
376,Medinipur West,63.1,79.7,80.9,31.1,40.0,58.3,70.9,-0.0072849468053658
374,Tinsukia,63.1,73.6,77.8,32.8,32.2,66.7,70.5,-0.0912262794444149
379,Davanagere,63.1,78.9,74.0,38.4,32.8,83.3,76.0,0.260482769265778
377,Jhargram,63.1,79.7,80.9,31.1,40.0,58.3,70.9,-0.0072849468053658
378,Bhind,63.1,84.2,85.9,32.2,29.0,79.9,70.2,0.1539665218488176
380,Dhule,63.2,77.2,74.9,37.6,46.0,58.9,68.8,0.094634446406318
381,Khawzawl,63.333,72.601,51.899,27.302,13.129,98.298,97.743,-0.0608914411532827
382,South West Khasi Hills,63.4,42.9,38.7,51.4,27.6,89.6,85.9,-0.059283635732647
383,Champhai,63.4,72.3,52.1,27.2,13.1,98.3,97.7,-0.0643560577234431
386,Jhabua,63.6,86.5,87.7,49.3,41.7,57.6,37.1,0.0774070988459864
384,Anuppur,63.6,85.6,85.8,24.0,30.7,69.4,72.1,-0.0356629204806948
385,Yadgir,63.6,73.3,72.2,57.6,45.2,37.4,48.1,-0.0516531092568883
387,Belagavi,63.7,87.0,85.6,32.8,36.9,67.7,74.0,0.2278367960150692
388,Rewari,63.8,90.5,89.7,25.9,20.5,86.4,86.0,0.2763318278119184
389,Barnala,63.8,86.0,87.0,33.8,16.5,90.7,77.9,0.2466199935431347
390,Karbi Anglong,63.9,56.9,61.0,31.6,28.2,75.2,78.8,-0.2970691820027896
391,West Khasi Hills,64.0,42.0,41.4,59.0,31.1,87.8,87.4,0.1478329591303584
392,Sonipat,64.1,94.5,92.5,23.6,12.7,86.7,87.3,0.2172410849573921
393,Kondagaon,64.1,79.4,77.3,37.6,42.2,79.5,54.7,0.1214878762285735
394,Barwani,64.2,81.4,82.5,45.8,41.0,61.0,49.3,0.0872693613284263
395,Tikamgarh,64.2,86.9,86.5,27.5,34.9,56.6,67.7,-0.0648981766712352
396,Niwari,64.2,86.9,86.5,27.5,34.9,56.6,67.7,-0.0648981766712352
397,Anand,64.2,90.3,88.6,38.4,46.6,82.1,75.9,0.6791026402514013
398,Charaideo,64.5,70.5,72.8,39.0,34.8,75.9,71.9,0.0957089345268788
399,Seoni,64.5,93.4,94.9,23.5,31.1,56.2,71.6,-0.0044859589276449
400,Bhopal,64.6,89.5,86.6,19.9,29.1,79.6,80.0,0.1100815026446886
401,Bhilwara,64.7,95.7,94.1,22.6,23.5,62.3,56.4,-0.2258002274294558
402,Mancherial,64.7,87.7,85.3,25.9,27.4,78.1,69.5,0.0320849555016506
403,Shajapur,64.7,85.6,88.2,27.8,27.6,74.5,58.0,-0.095158449001985
404,Barmer,64.9,83.3,85.1,39.1,31.7,83.6,66.3,0.3029375728882842
405,Senapati,64.9,37.0,36.0,27.3,12.9,84.4,81.9,-0.8660465069654928
406,Morena,64.9,84.2,80.8,40.0,29.6,62.7,65.5,0.057004618641695
407,Kangpokpi,65.01,37.24,36.224,27.256,12.907,84.276,81.94,-0.8622742553423441
408,Ratlam,65.1,84.6,87.7,29.0,28.6,69.4,62.4,-0.0670739680000394
409,Ludhiana,65.2,82.5,77.3,22.1,12.4,84.6,82.4,-0.1389856030672854
410,Rupnagar,65.2,83.9,79.4,15.1,15.3,84.0,86.6,-0.1544614990631705
411,Chittoor,65.3,93.8,95.2,27.1,27.9,74.6,69.3,0.1789027191138575
412,Jangoan,65.4,85.6,96.5,33.4,30.9,84.3,65.5,0.3119828995952758
413,Raipur,65.6,88.4,86.7,32.2,32.3,84.0,79.6,0.4140758912078907
414,Lahul and Spiti,65.6,81.1,81.0,28.5,18.4,61.7,86.2,-0.0901531427786045
415,Alappuzha,65.7,89.2,85.1,20.1,20.4,99.2,99.7,0.410034842909691
416,Bharuch,65.7,78.8,81.7,40.9,45.5,77.7,74.0,0.4826549026196867
417,Nalgonda,65.7,92.2,95.3,31.7,28.0,76.4,62.6,0.1910699434294744
418,Golaghat,65.7,73.5,83.5,26.3,25.5,73.1,75.1,-0.1154752243778117
419,Mahasamund,65.8,89.1,87.2,36.8,25.8,84.2,70.6,0.3229865804232543
420,Vadodara,65.9,90.7,88.7,42.3,39.9,85.6,84.6,0.817728643654574
421,Kolasib,66.0,71.5,41.8,30.4,12.6,96.8,96.9,-0.1157409843481848
422,Saitual,66.178,72.899,41.786,26.163,11.19,97.099,98.354,-0.1776573796547207
423,Tonk,66.2,84.5,88.1,33.1,28.2,66.2,55.2,-0.1009015939251704
424,Gondiya,66.2,90.0,89.2,36.9,35.6,74.3,87.5,0.5893957903115544
425,Sangareddy,66.4,84.7,89.0,32.9,35.1,68.0,63.6,0.1131517780952213
426,Nashik,66.4,76.5,83.4,42.2,44.8,68.3,80.0,0.4779624481068395
427,Yamunanagar,66.4,88.3,85.6,27.7,23.1,83.5,85.8,0.274662563274794
428,Budgam,66.5,88.7,86.3,26.8,20.6,77.0,74.1,0.0365851805928322
429,Hingoli,66.6,82.4,85.1,37.4,38.9,69.0,76.5,0.3523360771786317
430,Anantapur,66.6,89.1,87.3,36.0,40.6,71.3,63.6,0.3032823088442493
431,Chandel,66.6,55.0,51.1,34.0,14.7,85.2,80.2,-0.4049417754195124
432,Tengnoupal,66.6,55.0,51.1,34.0,14.7,85.2,80.2,-0.4049417754195124
433,Uttarkashi,66.8,72.0,72.4,34.1,23.5,75.7,80.1,-0.0187780122959966
434,Murshidabad,66.9,49.8,67.6,39.8,32.4,69.7,67.6,-0.2641324096559384
435,Yavatmal,66.9,85.6,91.7,36.6,39.4,66.4,80.8,0.4633815369030197
436,Jorhat,67.0,81.4,85.4,38.7,33.2,80.4,85.1,0.507076293910736
437,Chhindwara,67.0,90.2,89.7,23.9,32.8,77.1,72.7,0.174727647718946
438,Rajanna Sircilla,67.1,89.9,90.1,22.4,26.1,77.4,64.7,-0.0310064674391369
439,West Delhi,67.1,86.9,91.4,36.1,19.0,76.8,82.3,0.3158481837200202
440,North Tripura,67.1,76.6,77.4,26.2,32.2,74.1,83.1,0.0607263351288454
441,Yadadri Bhuvanagiri,67.2,93.2,94.9,38.3,27.2,81.9,68.4,0.4410541024721149
442,Mungeli,67.3,74.4,66.6,30.1,30.6,80.7,66.5,-0.1391561546905367
443,Raichur,67.5,76.1,73.3,39.8,40.7,53.0,54.3,-0.1544015269775697
444,Mahabubabad,67.7,91.5,94.3,33.0,26.3,68.6,58.0,0.0640897939721879
445,Bageshwar,67.9,78.1,79.8,23.6,11.9,88.5,87.2,-0.0256084321974578
446,Dantewada,68.2,84.9,84.9,45.6,45.8,60.5,49.3,0.2268741741160434
447,Guna,68.3,78.0,87.9,31.9,25.1,55.6,53.2,-0.3377180351229235
448,Palakkad,68.4,97.5,93.2,29.7,27.7,99.0,94.4,0.793102871663199
449,Aizawl,68.5,73.4,33.2,25.3,9.6,96.1,98.9,-0.2718527622691581
450,Chandrapur,68.5,92.3,97.0,37.3,46.6,77.3,87.8,0.8810408127840547
451,Medak,68.5,80.8,89.8,36.4,42.0,78.2,57.7,0.2777100777048062
452,Pune,68.6,84.2,95.2,30.7,32.7,79.6,89.0,0.5177064224458207
453,Gadag,68.7,84.7,83.4,45.2,39.8,55.2,70.7,0.3335593400794864
454,Kaithal,68.8,95.3,93.9,29.9,29.9,89.7,70.9,0.4468126652561257
455,Kumuram Bheem Asifabad,68.8,85.5,81.9,38.1,41.1,54.0,51.7,-0.0226000098309744
456,Kamrup Metropolitan,68.9,75.6,79.9,25.4,25.0,65.2,86.0,-0.0714717098845783
457,Gwalior,68.9,81.3,85.8,40.1,33.0,83.2,76.0,0.4654504534180374
458,S.A.S. Nagar,69.0,87.3,86.6,26.2,23.0,87.6,83.5,0.2748750445782932
459,Balaghat,69.1,92.1,86.1,41.9,44.9,79.6,77.4,0.747847372348434
460,Sirohi,69.5,91.1,91.3,30.7,31.2,54.1,60.6,-0.0378067974931882
461,Karimnagar,69.6,89.5,95.9,30.3,27.5,78.8,70.3,0.2796172128161407
462,Medchal Malkajgiri,69.6,90.6,90.1,33.4,25.0,86.2,79.5,0.4424307172457423
463,Leh,69.6,80.8,78.6,24.3,19.0,42.4,76.4,-0.4528780545820207
464,Nirmal,69.7,87.2,91.0,31.7,33.4,63.6,58.6,0.0350390693596987
465,Udhampur,69.8,71.2,69.1,37.3,31.9,69.8,77.3,0.0459864982923895
466,Hisar,69.9,93.3,93.6,27.8,21.4,89.1,77.7,0.3577342892319921
467,Durg,69.9,94.2,92.5,38.9,27.7,89.5,80.3,0.6795534192659414
468,Hyderabad,69.9,91.2,94.9,30.4,18.9,84.4,83.6,0.3900146983931458
469,Banswara,69.9,94.0,95.9,44.6,38.7,40.8,53.1,0.1767979038517646
470,Kanpur Nagar,69.9,71.1,70.6,34.6,27.8,77.5,81.3,0.0753963307250445
471,Koriya,70.0,78.2,71.5,32.1,31.8,73.3,74.8,0.0437375336745249
472,Uttar Dinajpur,70.1,60.9,69.4,44.8,32.0,63.8,65.4,-0.1082442428513574
473,Bargarh,70.1,92.7,94.0,38.9,30.0,61.9,71.6,0.3469424532997654
474,Bhadradri Kothagudem,70.1,87.1,85.4,28.4,25.3,75.3,68.7,0.0500176250399312
475,Thane,70.2,87.2,93.3,40.8,30.8,74.7,90.5,0.6768718808944504
476,Mandi,70.3,84.2,83.2,31.3,21.3,87.0,94.0,0.4147499882989142
478,West District,70.4,63.6,67.8,25.2,19.3,88.9,85.7,-0.1462425678796598
479,Suryapet,70.4,88.6,88.7,29.1,30.1,77.9,63.5,0.1348047235477527
477,Paschim Bardhaman,70.4,64.1,70.5,39.7,41.0,71.5,73.5,0.126324871037944
482,Dhamtari,70.4,84.3,83.7,30.5,28.9,89.8,82.7,0.397334151777138
480,Wardha,70.4,89.9,90.5,27.7,31.3,80.2,93.0,0.5247104581033053
481,Warangal Urban,70.4,93.8,90.5,36.1,37.9,74.3,60.1,0.3598413557517137
483,Daman,70.5,89.5,87.6,30.0,29.3,67.1,85.9,0.3050151295022028
484,Bhavnagar,70.9,87.0,90.4,32.6,39.5,72.9,74.2,0.4049412534010314
485,Dohad,70.9,87.2,87.0,55.3,53.0,35.9,56.1,0.4115529044693614
486,Gandhinagar,71.0,88.2,89.0,38.1,44.6,84.6,81.8,0.7736477648639212
487,Nadia,71.2,89.4,89.9,26.1,25.1,78.4,76.2,0.1938082770796033
488,Jalor,71.2,87.6,87.0,44.3,36.5,77.4,60.4,0.4397041373263717
489,Hanumakonda,71.3,92.6,92.3,29.5,36.0,81.2,76.9,0.4873118581487361
490,Nagpur,71.4,91.4,90.8,27.6,33.9,88.9,94.6,0.6823279163691873
491,Vizianagaram,71.4,83.9,89.2,36.4,32.2,61.7,58.3,0.048975167286673
492,Kolkata,71.7,72.8,84.6,29.6,32.9,60.9,87.6,0.1226062956852614
493,Amravati,71.7,80.2,79.4,29.0,38.0,75.7,87.8,0.3463423785586368
494,Nuapada,71.7,85.9,86.5,43.1,38.0,58.4,53.5,0.1589297999650792
495,Una,71.7,84.9,87.1,24.7,25.8,81.4,92.5,0.3323659809776669
496,Nicobars,71.7,85.1,92.5,21.6,24.6,83.5,87.5,0.2698055560252697
497,Harda,71.9,83.9,84.6,38.8,34.7,68.8,71.4,0.3107292559438462
498,Rajouri,71.9,78.7,75.8,30.3,32.4,63.3,79.4,0.0359679183772423
499,Patiala,72.0,81.8,81.3,20.3,16.9,88.1,76.6,-0.0710000632308959
500,Majuli,72.2,73.5,73.5,35.4,22.2,65.6,83.4,-0.0029500534750708
501,Hooghly,72.2,56.7,76.7,28.9,33.4,76.2,77.4,-0.0876464042412688
502,Rohtak,72.3,96.2,96.1,28.9,22.1,90.0,85.8,0.5604837751921025
503,Jhalawar,72.3,89.7,91.0,34.0,38.1,62.1,54.3,0.1177681943635025
504,Junagadh,72.5,84.1,82.8,37.3,26.4,81.7,82.8,0.4215722590524607
505,Latur,72.6,93.3,92.5,43.2,33.9,72.5,83.3,0.7268082688318657
506,Buldana,72.7,86.7,84.8,45.0,47.2,68.9,79.9,0.7256917930970552
507,Mulugu,72.7,89.1,89.6,32.5,36.7,65.6,58.9,0.143609756894092
508,Jayashankar,72.7,89.1,89.6,32.5,36.7,65.6,58.9,0.143609756894092
509,Jalandhar,72.8,88.2,86.1,24.8,16.7,88.2,86.8,0.2440581749556584
510,Jogulamba Gadwal,72.9,88.3,88.2,49.7,41.7,73.7,45.0,0.4204723937684581
511,S.P.S. Nellore,73.0,95.5,94.3,29.2,27.8,81.8,70.5,0.3639304530316573
512,Sundargarh,73.1,79.7,82.0,32.9,34.7,65.5,70.8,0.1069689582745403
513,Central Delhi,73.1,84.9,90.1,33.5,25.5,77.0,83.5,0.3809027994268998
514,Sabar Kantha,73.2,86.9,83.9,37.0,41.0,61.0,74.5,0.3558208100465708
515,Krishna,73.3,88.3,90.3,29.8,21.1,79.1,76.9,0.2334318766053202
516,Sindhudurg,73.4,96.7,98.2,30.8,32.0,87.9,92.1,0.8113294812768195
517,Prakasam,73.4,90.1,90.3,22.6,24.7,78.4,62.8,-0.0085594881142422
518,Jamnagar,73.8,92.4,86.4,28.4,28.9,86.6,83.1,0.4624892028657414
519,Jajapur,73.8,92.4,91.8,25.5,21.8,47.4,75.8,-0.0904961492645442
520,Aravalli,73.8,87.6,85.1,47.1,47.2,56.3,71.9,0.5711421361946718
521,Sukma,74.0,80.6,79.9,41.8,37.4,35.5,39.8,-0.3452178403215331
522,Betul,74.0,85.4,86.2,30.8,31.4,59.8,72.7,0.0946539835286928
523,Bundi,74.0,85.2,89.4,30.0,29.1,56.3,56.9,-0.1437616206508729
524,Narsimhapur,74.2,91.4,87.4,32.0,28.1,77.0,69.2,0.2658756237141593
525,Kurnool,74.3,87.8,87.3,50.5,46.3,73.5,57.0,0.6328618456278127
526,Idukki,74.3,94.0,95.3,24.3,23.6,97.5,94.4,0.6527321129019064
527,Doda,74.3,71.6,71.6,32.7,15.2,70.9,69.2,-0.2830867890587519
528,Chikkamagaluru,74.3,90.9,91.4,27.3,25.4,92.3,82.9,0.4811059580797207
529,Kodagu,74.4,93.3,91.9,30.4,22.6,93.9,88.5,0.6126813766845174
530,Bengaluru Urban,74.6,88.0,88.2,31.3,28.1,90.4,87.3,0.5696983228617791
531,Indore,74.6,92.6,93.3,28.7,24.9,90.0,80.3,0.4841944227946655
532,Adilabad,74.8,83.4,80.3,45.7,52.0,50.8,64.8,0.394584823738096
533,Bhadrak,74.9,89.0,94.4,32.3,28.9,62.0,80.1,0.3138871952657494
534,Chittaurgarh,75.0,91.2,94.7,31.4,25.9,63.8,56.1,0.0157884099362441
535,Morbi,75.1,89.9,87.8,32.9,32.3,80.1,82.4,0.5181510281586911
536,Nagarkurnool,75.1,90.3,91.0,35.1,30.9,73.2,57.1,0.2085454014006445
537,Ranga Reddy,75.1,89.8,90.0,37.8,29.5,81.1,72.1,0.4786432731784377
538,Baramula,75.2,80.1,76.0,23.2,17.3,77.7,67.9,-0.253447259326151
539,Kinnaur,75.3,83.4,85.6,32.2,18.9,80.1,89.1,0.3275268325307102
540,Dehradun,75.3,82.4,84.2,20.9,19.1,83.9,85.8,0.0944499385633088
541,Dibrugarh,75.6,82.1,87.0,27.3,32.0,75.3,76.6,0.2154972513550747
542,Bankura,75.7,67.2,76.5,30.3,38.8,49.2,68.3,-0.2248165494391411
543,Hassan,75.8,92.6,86.1,27.1,23.8,87.9,82.0,0.3851677467124266
544,Dhenkanal,75.8,90.7,89.8,33.3,30.0,58.2,74.1,0.2223835297405679
545,Udham Singh Nagar,75.9,82.0,80.8,26.8,22.0,70.9,70.4,-0.0928668119256214
546,Reasi,75.9,64.7,63.6,17.7,11.7,62.7,68.2,-0.8242163497235593
547,Fatehgarh Sahib,76.0,95.5,93.6,30.0,18.2,87.6,86.9,0.5185915585502716
548,Chengalpattu,76.1,87.3,93.0,20.6,19.8,75.9,82.6,0.1179058496355296
549,Kancheepuram,76.1,87.3,93.0,20.6,19.8,75.9,82.6,0.1179058496355296
550,Rajnandgaon,76.1,90.5,84.5,27.6,31.0,79.2,80.6,0.3568759894730934
551,Bagalkote,76.2,89.0,86.7,48.3,42.3,51.3,69.7,0.5024103900367284
552,Khammam,76.3,93.2,91.5,22.2,26.2,84.5,66.3,0.1651408261965986
553,Akola,76.3,82.3,92.2,31.8,30.8,69.5,87.5,0.4116866190974998
554,Kishtwar,76.4,75.7,75.4,27.5,17.7,59.6,71.3,-0.3383827569834671
555,Dakshin Dinajpur,76.4,83.2,89.1,31.9,30.2,79.0,74.3,0.3205408696551597
556,Rudraprayag,76.5,83.6,82.2,25.2,10.9,86.8,86.1,0.1012975635621911
557,Agar Malwa,76.5,89.9,92.9,40.3,35.7,72.3,55.5,0.3634224316879857
558,Dhar,76.5,91.4,93.8,28.8,35.9,61.9,55.6,0.0788302991627579
560,Mahisagar,76.6,90.9,91.1,43.4,49.0,44.4,70.9,0.5090382893313035
561,Ahmednagar,76.6,90.9,92.9,31.7,41.2,79.5,86.2,0.7175424794689539
559,Devbhumi Dwarka,76.6,90.1,88.3,30.2,36.2,73.4,66.1,0.2800376488405275
562,Panchkula,76.9,95.3,97.3,21.8,19.3,82.6,84.9,0.3475683561512382
563,Kendrapara,77.1,85.5,91.7,28.6,17.9,57.3,84.4,0.0661806027550623
564,Cooch Behar,77.3,71.9,79.7,28.7,22.5,75.7,79.2,-0.0014268661752074
565,Bishnupur,77.4,79.0,65.3,15.5,11.7,52.6,88.4,-0.552382771342171
566,Deogarh,77.5,88.5,89.0,28.4,34.3,69.9,66.7,0.1930859921703003
567,Ahmadabad,77.8,90.0,86.4,35.5,34.0,86.4,81.5,0.6454397747059253
568,Kanker,77.9,87.4,88.1,24.8,36.1,80.5,77.2,0.3577311134888485
569,North West Delhi,77.9,86.1,85.1,26.9,22.8,88.2,85.0,0.3488165201290315
570,Peddapalli,77.9,87.6,89.8,27.5,33.1,77.8,73.7,0.319122758800645
571,Kannur,78.3,93.4,90.0,19.4,17.9,99.5,99.1,0.5382326200786176
572,Birbhum,78.4,67.5,81.7,37.0,41.8,55.0,70.8,0.092006928188215
573,Srikakulam,78.4,90.8,97.7,19.7,21.4,71.6,64.3,-0.0417552907180709
574,Nizamabad,78.5,79.5,85.9,30.5,38.4,72.5,63.1,0.1575492169485055
575,Ratnagiri,78.6,89.7,92.2,31.7,29.5,85.6,87.2,0.6310156361355312
576,Boudh,79.0,89.6,90.9,37.0,38.6,52.9,68.8,0.3127865541453529
577,Bhandara,79.0,87.5,90.1,31.3,33.9,81.8,89.1,0.6300232720626139
578,Ramban,79.2,71.3,70.1,25.7,21.2,48.9,62.2,-0.6050764043831518
579,North and Middle Andaman,79.2,92.5,94.3,27.0,42.8,86.4,84.0,0.7373249883961167
580,Koraput,79.2,83.5,83.9,43.1,33.5,39.4,40.6,-0.2229956499639699
581,Darjeeling,79.2,73.9,84.7,34.3,31.6,83.0,77.0,0.3419358229192095
582,Kalimpong,79.2,73.9,84.7,34.3,31.6,83.0,77.0,0.3419358229192095
583,Baran,79.3,92.4,94.7,46.0,40.2,59.0,57.9,0.4927566663825307
584,Chitradurga,79.3,95.2,94.3,36.0,32.4,63.1,75.6,0.4781287134365212
585,Kollam,79.3,91.4,89.5,15.5,17.0,97.5,98.2,0.4076669818267758
586,Shivamogga,79.4,91.5,89.7,29.0,34.4,85.4,79.8,0.5564756301635427
587,Kamareddy,79.5,86.8,89.0,33.4,43.9,68.2,58.6,0.29669133768985
588,Yanam,79.8,97.1,96.3,25.0,18.7,84.1,82.2,0.4115380620908898
589,Patan,79.8,93.6,92.0,50.5,42.3,73.1,71.1,0.8841353029770723
590,Sangli,80.1,95.6,95.0,35.0,27.2,84.7,90.3,0.7852347173749894
591,New Delhi,80.1,86.4,85.6,27.4,20.7,69.4,81.8,0.1397788384165952
592,Tumakuru,80.4,95.2,90.2,40.3,26.7,86.1,81.9,0.7461412735590612
593,Ganderbal,80.4,88.4,87.0,18.5,20.1,78.4,64.0,-0.1251981884611551
594,Purba Bardhaman,80.5,65.2,75.0,32.7,31.6,64.2,73.2,-0.0728430529058542
595,Mumbai,80.688,90.987,96.458,31.15,27.454,60.317,93.138,0.4930881363868666
596,Gir Somnath,80.7,90.8,87.7,44.4,30.3,74.3,73.1,0.5901424256176823
597,Tuticorin,80.7,94.8,97.2,20.3,21.0,79.4,88.5,0.3765147110975132
598,Anantnag,80.9,85.1,81.3,28.2,28.3,84.7,74.7,0.2677567980908589
599,Sivasagar,80.9,73.8,83.4,26.1,25.9,82.3,86.6,0.2226118105560256
600,Kandhamal,81.1,90.6,90.5,34.2,35.2,52.4,68.5,0.2300826436458123
601,Chhotaudepur,81.2,91.1,87.4,48.6,48.1,53.0,53.2,0.467672332847145
602,Kota,81.3,88.8,91.3,29.5,26.4,79.0,76.5,0.3638348706462387
603,Bilaspur,81.4,92.9,90.0,40.1,38.8,80.8,91.2,0.9430589891137866
604,Balod,81.5,90.8,89.1,33.6,36.0,83.8,78.6,0.6365954187753781
605,Satara,81.7,94.5,95.1,20.2,28.0,78.7,87.2,0.4293942489347889
606,Kolhapur,81.8,95.2,91.5,33.6,34.7,82.0,90.7,0.8134983832002338
607,Jagitial,81.9,84.1,89.9,29.9,32.3,76.5,62.4,0.2026602984073075
608,Solapur,81.9,89.6,89.2,36.3,32.9,67.8,76.4,0.4618795286278282
609,Dakshina Kannada,82.0,83.5,83.5,25.1,26.4,97.1,92.7,0.5272053763573168
610,Cuddalore,82.2,87.7,93.9,20.2,18.0,61.3,78.3,-0.0442849942355688
611,Ernakulam,82.2,96.1,94.2,22.0,19.4,99.3,99.3,0.6994675468574212
612,Thrissur,82.4,95.2,88.4,22.0,17.3,99.5,99.4,0.6159948697482087
613,Bandipore,82.6,82.6,81.9,25.2,16.8,66.8,66.6,-0.2088063217972832
614,Jagatsinghapur,82.6,89.2,92.1,13.2,11.0,60.1,84.8,-0.1978228233533097
615,Howrah,82.7,70.7,79.8,27.5,27.3,72.9,80.5,0.0565202177363391
616,Ganjam,82.7,89.3,91.1,23.9,18.9,72.9,69.5,0.0354041569478621
617,Botad,82.7,85.4,86.9,32.2,32.3,72.0,71.8,0.3065377259082996
620,Maldah,82.8,61.6,67.9,40.5,35.3,62.0,72.3,0.0066398358184682
618,Y.S.R.,82.8,92.3,91.3,34.4,26.7,85.4,63.8,0.4140937706961027
619,Malkangiri,82.8,89.5,86.4,44.3,41.6,41.4,39.0,0.012844706518154
621,Kalahandi,82.9,94.0,90.1,33.0,33.6,64.4,61.8,0.2637312708923854
622,Gajapati,83.0,78.2,74.2,43.4,34.3,58.3,47.6,-0.0576415360317334
623,Raigad,83.1,93.0,92.9,35.8,34.1,74.8,79.2,0.6427653822473731
624,South East Delhi,83.2,92.3,92.0,21.7,20.4,83.8,84.9,0.3405443698824903
625,Virudhunagar,83.4,80.2,86.5,29.2,23.7,59.8,84.1,0.1200381600706726
626,Narmada,83.4,87.2,87.6,47.2,52.8,54.6,67.3,0.6642617853286187
627,Anugul,83.7,84.8,85.1,28.1,30.5,66.4,72.4,0.1467960995908201
628,Pathanamthitta,83.9,95.2,93.2,22.7,11.2,98.9,99.7,0.6013854044109108
629,Chamarajanagara,84.1,94.2,93.2,32.2,28.7,75.2,72.4,0.450726790866732
632,Kachchh,84.2,93.9,91.3,37.5,33.4,85.8,75.6,0.7286659169976403
630,Cuttack,84.2,92.5,92.2,20.4,18.9,60.2,80.1,0.0293219175561654
631,Kanniyakumari,84.2,86.0,88.2,17.3,14.5,96.2,97.7,0.3612349642466795
633,South District,84.5,83.1,81.1,24.8,7.2,91.7,90.5,0.1879554192721573
634,Karnal,84.7,97.5,97.3,29.2,20.5,83.5,84.0,0.5775684967520571
635,Tenkasi,84.935,92.929,93.063,29.263,22.674,79.794,85.644,0.5102422849904377
636,Mahe,85.0,96.8,93.6,48.2,32.6,99.8,99.6,1.3882276238734264
637,Salem,85.0,92.9,96.0,23.6,20.8,64.5,81.6,0.2154183290622698
638,Tirunelveli,85.0,92.9,93.0,29.4,22.7,79.8,85.6,0.5122874526907224
639,Srinagar,85.1,90.9,88.8,33.0,15.8,86.8,78.4,0.4131935187629758
640,Sirmaur,85.2,88.7,85.5,28.6,24.2,84.3,84.9,0.4438048544544436
641,Dharwad,85.2,98.0,95.5,45.2,40.4,79.3,81.8,1.0606881613012786
642,Rayagada,85.3,69.7,70.4,43.6,39.8,50.5,42.0,-0.2234142771767263
643,Shimla,85.3,91.6,91.2,27.1,14.9,87.3,93.4,0.5042626952592334
644,Thiruvallur,85.4,90.3,95.2,18.1,20.6,75.6,83.6,0.2086898947813237
645,South Delhi,85.6,82.9,81.3,33.4,18.9,89.5,86.1,0.4349652154154166
646,Mysuru,85.7,93.5,88.6,27.5,28.2,86.4,78.9,0.5030141892163315
647,South Andaman,85.9,88.1,89.8,21.1,17.4,89.3,86.7,0.3219146636970351
648,North East Delhi,86.2,82.6,85.9,38.7,21.8,89.5,83.8,0.586336006122822
649,Palghar,86.3,97.0,96.5,33.0,37.1,75.1,77.6,0.7090022895590254
650,Poonch,86.4,81.7,78.9,25.9,18.8,66.7,79.3,-0.0279348439346343
651,Gadchiroli,86.8,91.5,93.7,35.7,35.4,62.4,79.4,0.5631124396139545
652,Shopian,86.8,84.5,83.0,22.0,33.5,86.5,80.8,0.362090473318722
653,Pondicherry,87.0,92.1,95.0,17.0,13.1,84.6,90.1,0.2801415029844306
654,Jiribam,87.1,85.4,81.0,18.4,14.4,59.5,90.0,-0.1046812766752485
655,Imphal East,87.1,85.4,81.0,18.4,14.4,59.5,90.0,-0.1046812766752485
656,South 24 Parganas,87.5,67.0,70.8,36.7,32.2,70.1,85.6,0.243538929364215
657,Chennai,87.686,93.315,96.044,19.945,21.435,85.993,91.36,0.4977393565468334
658,Nabarangapur,87.7,89.3,88.7,44.1,46.6,44.1,38.5,0.1481920919142799
659,Sonepur,87.8,93.1,93.6,29.6,34.5,66.7,76.1,0.4617467604201215
660,Kargil,88.0,78.3,74.7,36.5,21.8,42.3,77.2,-0.1056964941010817
661,Ramanathapuram,88.2,94.9,95.8,26.4,21.6,78.6,84.1,0.4815568996365281
662,Solan,88.2,85.9,88.7,32.3,26.7,81.8,91.0,0.6166768087319716
663,Karaikal,88.3,95.0,98.3,25.5,19.7,84.3,88.8,0.5734332577194738
664,Alipurduar,88.4,74.8,82.5,28.9,25.4,73.2,73.6,0.0855019461058184
665,Jalpaiguri,88.4,74.8,82.5,28.9,25.4,73.2,73.6,0.0855019461058184
666,Panch Mahals,88.7,88.0,89.2,47.1,51.9,58.9,71.7,0.8044356744670469
667,Ramanagara,88.7,87.0,84.8,15.6,19.8,89.6,82.7,0.1714579795621015
668,Shahdara,88.9,91.5,92.3,32.9,30.2,83.4,83.9,0.6970837523305893
669,Sambalpur,89.0,90.5,94.1,40.7,36.3,62.4,71.1,0.5790986030872268
670,Kupwara,89.2,90.5,89.6,24.9,25.5,67.7,76.0,0.2143543983496378
671,Osmanabad,89.2,94.4,95.1,37.2,32.5,71.2,83.7,0.7458220619727025
672,Madurai,89.5,91.4,94.5,32.4,21.5,80.1,83.9,0.5666215148223837
673,East Delhi,89.7,90.0,88.4,35.2,29.9,78.0,83.0,0.6306733135831933
676,North 24 Parganas,89.9,87.8,92.4,32.4,23.6,80.4,85.5,0.5642042364807882
674,Kakching,89.9,75.6,73.0,31.5,14.9,61.3,85.4,-0.0405835092922454
675,Thoubal,89.9,75.6,73.0,31.5,14.9,61.3,85.4,-0.0405835092922454
677,Coimbatore,90.038,95.345,98.491,23.052,18.57,78.571,89.296,0.4832128589967931
678,Mandya,90.1,95.5,95.1,24.3,16.7,86.7,78.3,0.3998334545457671
679,The Dangs,90.2,80.1,80.1,37.6,53.1,71.7,68.9,0.5821382308886106
680,Nayagarh,90.3,96.2,96.1,20.0,20.2,67.1,80.4,0.2235689753578012
681,Malappuram,90.4,96.9,95.1,29.4,21.4,99.9,99.2,0.9436153920892044
682,Tiruchirappalli,90.5,97.6,94.6,27.6,27.4,67.1,83.6,0.4983194404416684
683,Chikkaballapura,90.5,91.2,90.5,31.3,25.2,84.9,76.3,0.5190303448079203
684,Diu,90.7,93.0,93.1,33.9,28.5,89.7,90.8,0.8697914940923406
685,Kolar,90.9,95.7,95.0,31.1,15.7,89.2,78.3,0.5435703239050269
686,Dadra and Nagar Haveli,90.9,92.2,91.9,42.4,42.1,63.1,72.8,0.7240867625686584
687,Bengaluru Rural,90.9,91.7,91.0,36.6,23.8,88.8,83.8,0.7371627298492704
688,Sivaganga,90.932,89.153,92.552,27.51,28.327,74.459,85.283,0.4988731183445765
689,Tapi,91.0,90.0,89.9,41.7,51.8,70.2,72.0,0.8556020456283728
690,South West Delhi,91.0,92.4,88.3,27.1,16.8,86.2,87.5,0.472672117462475
691,Khordha,91.0,95.4,93.6,17.1,16.9,73.2,84.9,0.2123403946367383
692,Kasaragod,91.2,95.0,95.9,25.3,21.4,98.9,95.9,0.8131143659915157
693,North Goa,91.3,93.1,95.9,24.2,25.8,87.7,92.4,0.6850752585676073
694,Ariyalur,91.4,95.7,96.2,25.3,20.1,54.6,74.6,0.1384838959837287
695,Pudukkottai,91.6,95.4,94.5,32.2,21.6,55.2,81.1,0.3521614412399464
696,Kozhikode,91.8,91.0,89.0,21.3,18.9,99.6,99.1,0.6539550569109088
697,Porbandar,92.1,97.6,95.6,18.2,25.5,85.7,84.3,0.50280036051694
698,Perambalur,92.2,90.1,92.6,29.1,22.3,57.4,81.1,0.2592235003576003
699,Kulgam,92.2,91.5,92.6,28.4,15.3,80.5,70.9,0.2651939407773146
700,Thiruvarur,92.3,89.5,92.2,19.8,21.5,71.0,89.3,0.2923263063528454
701,The Nilgiris,92.37,91.702,91.313,26.502,22.948,83.327,89.11,0.5636796248113779
702,Valsad,92.5,95.0,93.2,37.8,34.8,85.3,82.9,0.9231741548791768
703,Amreli,92.6,87.0,85.9,35.3,30.6,73.3,77.2,0.4979468594789809
704,Krishnagiri,93.1,95.5,94.0,29.0,19.3,75.9,78.6,0.4352517971141628
705,Nagapattinam,93.1,91.9,92.4,32.3,24.3,69.6,87.8,0.5614490809602738
706,Mayiladuthurai,93.1,91.9,92.4,32.3,24.3,69.6,87.8,0.5614490809602738
707,Imphal West,93.4,90.8,91.7,15.6,10.2,58.7,92.5,0.0061593065943116
708,Surat,93.4,96.7,95.3,36.1,32.5,82.0,84.2,0.88829988043759
709,Rajkot,93.5,98.1,98.3,38.9,37.0,85.4,84.7,1.078132343125554
710,Tiruppur,93.5,98.4,99.3,21.5,23.1,75.9,87.1,0.525195159959548
711,Thanjavur,93.672,93.753,97.053,19.681,21.966,79.547,83.815,0.4070768021797575
712,Erode,93.928,96.503,98.396,19.405,26.852,67.64,82.419,0.3782489575016461
713,Jharsuguda,94.1,96.4,96.4,27.1,26.9,70.0,79.1,0.4870433525506108
714,Wayanad,94.2,95.9,97.2,31.3,22.5,97.6,93.7,0.9431408998211572
715,Dharmapuri,94.5,98.0,95.9,28.7,23.2,72.4,79.0,0.5043393401588192
716,Navsari,94.7,98.2,99.6,36.8,43.6,80.1,84.1,1.0895101371674212
719,Kallakurichi,94.9,88.1,94.0,23.9,20.5,53.8,75.4,0.0503132409482613
717,Viluppuram,94.9,88.1,94.0,23.9,20.5,53.8,75.4,0.0503132409482613
718,Puri,94.9,93.9,92.4,13.8,11.3,67.3,86.4,0.0435925348342679
720,Vellore,95.4,98.6,96.7,29.8,19.7,76.2,81.6,0.5654636353829635
721,Jammu,95.4,92.2,86.0,27.0,17.6,81.2,91.5,0.4914928008105852
722,Ranipet,95.4,98.6,96.7,29.8,19.7,76.2,81.6,0.5654636353829635
723,Tirupathur,95.4,98.6,96.7,29.8,19.7,76.2,81.6,0.5654636353829635
724,Balangir,95.4,96.5,94.0,32.7,37.6,66.3,68.1,0.5542416142144693
725,Karur,95.7,96.4,91.9,33.6,36.3,63.6,78.2,0.6308742694578986
726,South Goa,96.0,99.5,98.0,28.3,21.0,88.2,93.8,0.8368617323646552
728,Samba,96.2,92.3,87.6,24.5,15.5,78.8,84.8,0.3369066214290647
729,Dindigul,96.2,95.3,96.2,27.1,28.4,61.001,78.2,0.4140585269455363
727,Pulwama,96.2,95.0,93.7,22.4,20.2,91.6,76.6,0.4633711479910122
730,Tiruvannamalai,97.7,98.1,98.6,30.6,25.0,61.7,79.8,0.5205817707281762
731,Namakkal,97.8,94.8,89.9,25.2,15.7,75.2,87.7,0.4101536121340059
732,Theni,98.662,97.095,97.805,20.194,18.863,74.347,85.674,0.4259579521072412
