srcStateName,srcYear,Country,StateCode,StateName,TotalPopulation,TotalPopulationUrban,YearCode,TotalPopulationRural,TotalPopulationMale,Year,TotalPopulationMaleUrban,TotalPopulationMaleRural,TotalPopulationFemale,TotalPopulationFemaleUrban,TotalPopulationFemaleRural,NumberOfHouseholds,NumberOfHouseholdsUrban,NumberOfHouseholdsRural,LandAreaUrban,LandAreaRural,LandArea,LandAreaMappingError%,LandAreaUrbanMappingError%,LandAreaRuralMappingError%,TotalPopulationMappingError%,TotalPopulationUrbanMappingError%,TotalPopulationRuralMappingError%,TotalPopulationMaleMappingError%,TotalPopulationMaleUrbanMappingError%,TotalPopulationMaleRuralMappingError%,TotalPopulationFeMaleMappingError%,TotalPopulationFeMaleUrbanMappingError%,TotalPopulationFeMaleRuralMappingError%,NumberOfHouseholdsMappingError%,NumberOfHouseholdsUrbanMappingError%,NumberOfHouseholdsRuralMappingError%,NumberOfChildren,NumberOfParents,WeighingRatio_TotalPopulation,WeighingRatio_Percentage_TotalPopulation,WeighingRatio_TotalPopulationUrban,WeighingRatio_Percentage_TotalPopulationUrban,WeighingRatio_TotalPopulationRural,WeighingRatio_Percentage_TotalPopulationRural,WeighingRatio_TotalPopulationMale,WeighingRatio_Percentage_TotalPopulationMale,WeighingRatio_TotalPopulationMaleUrban,WeighingRatio_Percentage_TotalPopulationMaleUrban,WeighingRatio_TotalPopulationMaleRural,WeighingRatio_Percentage_TotalPopulationMaleRural,WeighingRatio_TotalPopulationFemale,WeighingRatio_Percentage_TotalPopulationFemale,WeighingRatio_TotalPopulationFemaleUrban,WeighingRatio_Percentage_TotalPopulationFemaleUrban,WeighingRatio_TotalPopulationFemaleRural,WeighingRatio_Percentage_TotalPopulationFemaleRural,WeighingRatio_NumberOfHouseholds,WeighingRatio_Percentage_NumberOfHouseholds,WeighingRatio_NumberOfHouseholdsUrban,WeighingRatio_Percentage_NumberOfHouseholdsUrban,WeighingRatio_NumberOfHouseholdsRural,WeighingRatio_Percentage_NumberOfHouseholdsRural,WeighingRatio_LandAreaUrban,WeighingRatio_Percentage_LandAreaUrban,WeighingRatio_LandAreaRural,WeighingRatio_Percentage_LandAreaRural,WeighingRatio_LandArea,WeighingRatio_Percentage_LandArea
Jammu and Kashmir,2018,India,1,JAMMU AND KASHMIR,12267013,3371233,2018,8895780,6483906,"Calendar Year (Jan - Dec), 2018",1825543,4658363,5783107,1545690,4237417,2079471,557090,1522381,121337,2.2141e+06,2335435.25,0,0,0,0.000000000000000000000000,0.000000000000000000000000,0.000000000000000000000000,0.000000000000000000000000,0.000000000000000000000000,0.000000000000000000000000,0.000000000000000000000000,0.000000000000000000000000,0.000000000000000000000000,0.000000000000000000000000,0.000000000000000000000000,0.000000000000000000000000,2,1,0.97812914480490143687,1,0.98193864574649849909,1,0.97669317066422487335,1,0.97639452211240385371,1,0.97822188046737059831,1,0.97568026822623713550,1,0.98008131321348192738,1,0.98636488653571631408,1,0.97780912468966211101,1,0.98101304041386637279,1,0.98376259304060676161,1,0.98001072463376276930,1,0.978903123789854,1,0.975481728055946,1,0.975658896767294,1
Jammu and Kashmir,2019,India,1,JAMMU AND KASHMIR,12267013,3371233,2019,8895780,6483906,"Calendar Year (Jan - Dec), 2019",1825543,4658363,5783107,1545690,4237417,2079471,557090,1522381,121337,2.2141e+06,2335435.25,0,0,0,0.000000000000000000000000,0.000000000000000000000000,0.000000000000000000000000,0.000000000000000000000000,0.000000000000000000000000,0.000000000000000000000000,0.000000000000000000000000,0.000000000000000000000000,0.000000000000000000000000,0.000000000000000000000000,0.000000000000000000000000,0.000000000000000000000000,2,1,0.97812914480490143687,1,0.98193864574649849909,1,0.97669317066422487335,1,0.97639452211240385371,1,0.97822188046737059831,1,0.97568026822623713550,1,0.98008131321348192738,1,0.98636488653571631408,1,0.97780912468966211101,1,0.98101304041386637279,1,0.98376259304060676161,1,0.98001072463376276930,1,0.978903123789854,1,0.975481728055946,1,0.975658896767294,1
Jammu and Kashmir,2020,India,1,JAMMU AND KASHMIR,12267013,3371233,2020,8895780,6483906,"Calendar Year (Jan - Dec), 2020",1825543,4658363,5783107,1545690,4237417,2079471,557090,1522381,121337,2.2141e+06,2335440.25,0,0,0,0,0,0,0,0,0,0,0,0,0,0,0,1,1,1,1,1,1,1,1,1,1,1,1,1,1,1,1,1,1,1,1,1,1,1,1,1,1,1,1,1,1,1,1
Himachal Pradesh,2018,India,2,HIMACHAL PRADESH,6864602,688552,2018,6176050,3481873,"Calendar Year (Jan - Dec), 2018",371528,3110345,3382729,317024,3065705,1483280,170770,1312510,27130,4.55071e+06,4577843,0,0,0,0,0,0,0,0,0,0,0,0,0,0,0,1,1,1,1,1,1,1,1,1,1,1,1,1,1,1,1,1,1,1,1,1,1,1,1,1,1,1,1,1,1,1,1
Himachal Pradesh,2019,India,2,HIMACHAL PRADESH,6864602,688552,2019,6176050,3481873,"Calendar Year (Jan - Dec), 2019",371528,3110345,3382729,317024,3065705,1483280,170770,1312510,27130,4.55071e+06,4577843,0,0,0,0,0,0,0,0,0,0,0,0,0,0,0,1,1,1,1,1,1,1,1,1,1,1,1,1,1,1,1,1,1,1,1,1,1,1,1,1,1,1,1,1,1,1,1
Himachal Pradesh,2020,India,2,HIMACHAL PRADESH,6864602,688552,2020,6176050,3481873,"Calendar Year (Jan - Dec), 2020",371528,3110345,3382729,317024,3065705,1483280,170770,1312510,27130,4.55071e+06,4577843,0,0,0,0,0,0,0,0,0,0,0,0,0,0,0,1,1,1,1,1,1,1,1,1,1,1,1,1,1,1,1,1,1,1,1,1,1,1,1,1,1,1,1,1,1,1,1
Punjab,2018,India,3,PUNJAB,27743338,10399146,2018,17344192,14639465,"Calendar Year (Jan - Dec), 2018",5545989,9093476,13103873,4853157,8250716,5513071,2154958,3358113,251460,4.78989e+06,5041350.5,0,0,0,0,0,0,0,0,0,0,0,0,0,0,0,1,1,1,1,1,1,1,1,1,1,1,1,1,1,1,1,1,1,1,1,1,1,1,1,1,1,1,1,1,1,1,1
Punjab,2019,India,3,PUNJAB,27743338,10399146,2019,17344192,14639465,"Calendar Year (Jan - Dec), 2019",5545989,9093476,13103873,4853157,8250716,5513071,2154958,3358113,251460,4.78989e+06,5041350.5,0,0,0,0,0,0,0,0,0,0,0,0,0,0,0,1,1,1,1,1,1,1,1,1,1,1,1,1,1,1,1,1,1,1,1,1,1,1,1,1,1,1,1,1,1,1,1
Punjab,2020,India,3,PUNJAB,27743338,10399146,2020,17344192,14639465,"Calendar Year (Jan - Dec), 2020",5545989,9093476,13103873,4853157,8250716,5513071,2154958,3358113,251460,4.78989e+06,5041350.5,0,0,0,0,0,0,0,0,0,0,0,0,0,0,0,1,1,1,1,1,1,1,1,1,1,1,1,1,1,1,1,1,1,1,1,1,1,1,1,1,1,1,1,1,1,1,1
Chandigarh,2018,India,4,CHANDIGARH,1055450,1026459,2018,28991,580663,"Calendar Year (Jan - Dec), 2018",563513,17150,474787,462946,11841,241173,234033,7140,10953,447,11400,0,0,0,0,0,0,0,0,0,0,0,0,0,0,0,1,1,1,1,1,1,1,1,1,1,1,1,1,1,1,1,1,1,1,1,1,1,1,1,1,1,1,1,1,1,1,1
Chandigarh,2019,India,4,CHANDIGARH,1055450,1026459,2019,28991,580663,"Calendar Year (Jan - Dec), 2019",563513,17150,474787,462946,11841,241173,234033,7140,10953,447,11400,0,0,0,0,0,0,0,0,0,0,0,0,0,0,0,1,1,1,1,1,1,1,1,1,1,1,1,1,1,1,1,1,1,1,1,1,1,1,1,1,1,1,1,1,1,1,1
Chandigarh,2020,India,4,CHANDIGARH,1055450,1026459,2020,28991,580663,"Calendar Year (Jan - Dec), 2020",563513,17150,474787,462946,11841,241173,234033,7140,10953,447,11400,0,0,0,0,0,0,0,0,0,0,0,0,0,0,0,1,1,1,1,1,1,1,1,1,1,1,1,1,1,1,1,1,1,1,1,1,1,1,1,1,1,1,1,1,1,1,1
Uttarakhand,2018,India,5,UTTARAKHAND,10086292,3049338,2018,7036954,5137773,"Calendar Year (Jan - Dec), 2018",1618731,3519042,4948519,1430607,3517912,2056975,631889,1425086,90193,3.36367e+06,3453862.25,0,0,0,0,0,0,0,0,0,0,0,0,0,0,0,1,1,1,1,1,1,1,1,1,1,1,1,1,1,1,1,1,1,1,1,1,1,1,1,1,1,1,1,1,1,1,1
Uttarakhand,2019,India,5,UTTARAKHAND,10086292,3049338,2019,7036954,5137773,"Calendar Year (Jan - Dec), 2019",1618731,3519042,4948519,1430607,3517912,2056975,631889,1425086,90193,3.36367e+06,3453862.25,0,0,0,0,0,0,0,0,0,0,0,0,0,0,0,1,1,1,1,1,1,1,1,1,1,1,1,1,1,1,1,1,1,1,1,1,1,1,1,1,1,1,1,1,1,1,1
Uttarakhand,2020,India,5,UTTARAKHAND,10086292,3049338,2020,7036954,5137773,"Calendar Year (Jan - Dec), 2020",1618731,3519042,4948519,1430607,3517912,2056975,631889,1425086,90193,3.36367e+06,3453862.25,0,0,0,0,0,0,0,0,0,0,0,0,0,0,0,1,1,1,1,1,1,1,1,1,1,1,1,1,1,1,1,1,1,1,1,1,1,1,1,1,1,1,1,1,1,1,1
Haryana,2018,India,6,HARYANA,25351462,8842103,2018,16509359,13494734,"Calendar Year (Jan - Dec), 2018",4720728,8774006,11856728,4121375,7735353,4857524,1813768,3043756,197608,4.19564e+06,4393243,0,0,0,0,0,0,0,0,0,0,0,0,0,0,0,1,1,1,1,1,1,1,1,1,1,1,1,1,1,1,1,1,1,1,1,1,1,1,1,1,1,1,1,1,1,1,1
Haryana,2019,India,6,HARYANA,25351462,8842103,2019,16509359,13494734,"Calendar Year (Jan - Dec), 2019",4720728,8774006,11856728,4121375,7735353,4857524,1813768,3043756,197608,4.19564e+06,4393243,0,0,0,0,0,0,0,0,0,0,0,0,0,0,0,1,1,1,1,1,1,1,1,1,1,1,1,1,1,1,1,1,1,1,1,1,1,1,1,1,1,1,1,1,1,1,1
Haryana,2020,India,6,HARYANA,25351462,8842103,2020,16509359,13494734,"Calendar Year (Jan - Dec), 2020",4720728,8774006,11856728,4121375,7735353,4857524,1813768,3043756,197608,4.19564e+06,4393243,0,0,0,0,0,0,0,0,0,0,0,0,0,0,0,1,1,1,1,1,1,1,1,1,1,1,1,1,1,1,1,1,1,1,1,1,1,1,1,1,1,1,1,1,1,1,1
Delhi,2018,India,7,DELHI,16787941,16368899,2018,419042,8987326,"Calendar Year (Jan - Dec), 2018",8761005,226321,7800615,7607894,192721,3435999,3356425,79574,115407,35620.1,151027.1015625,0,0,0,0,0,0,0,0,0,0,0,0,0,0,0,1,1,1,1,1,1,1,1,1,1,1,1,1,1,1,1,1,1,1,1,1,1,1,1,1,1,1,1,1,1,1,1
Delhi,2019,India,7,DELHI,16787941,16368899,2019,419042,8987326,"Calendar Year (Jan - Dec), 2019",8761005,226321,7800615,7607894,192721,3435999,3356425,79574,115407,35620.1,151027.1015625,0,0,0,0,0,0,0,0,0,0,0,0,0,0,0,1,1,1,1,1,1,1,1,1,1,1,1,1,1,1,1,1,1,1,1,1,1,1,1,1,1,1,1,1,1,1,1
Delhi,2020,India,7,DELHI,16787941,16368899,2020,419042,8987326,"Calendar Year (Jan - Dec), 2020",8761005,226321,7800615,7607894,192721,3435999,3356425,79574,115407,35620.1,151027.1015625,0,0,0,0,0,0,0,0,0,0,0,0,0,0,0,1,1,1,1,1,1,1,1,1,1,1,1,1,1,1,1,1,1,1,1,1,1,1,1,1,1,1,1,1,1,1,1
Rajasthan,2018,India,8,RAJASTHAN,68548437,17048085,2018,51500352,35550997,"Calendar Year (Jan - Dec), 2018",8909250,26641747,32997440,8138835,24858605,12711146,3216243,9494903,665817,3.31262e+07,33792067,0,0,0,0,0,0,0,0,0,0,0,0,0,0,0,1,1,1,1,1,1,1,1,1,1,1,1,1,1,1,1,1,1,1,1,1,1,1,1,1,1,1,1,1,1,1,1
Rajasthan,2019,India,8,RAJASTHAN,68548437,17048085,2019,51500352,35550997,"Calendar Year (Jan - Dec), 2019",8909250,26641747,32997440,8138835,24858605,12711146,3216243,9494903,665817,3.31262e+07,33792067,0,0,0,0,0,0,0,0,0,0,0,0,0,0,0,1,1,1,1,1,1,1,1,1,1,1,1,1,1,1,1,1,1,1,1,1,1,1,1,1,1,1,1,1,1,1,1
Rajasthan,2020,India,8,RAJASTHAN,68548437,17048085,2020,51500352,35550997,"Calendar Year (Jan - Dec), 2020",8909250,26641747,32997440,8138835,24858605,12711146,3216243,9494903,665817,3.31262e+07,33792067,0,0,0,0,0,0,0,0,0,0,0,0,0,0,0,1,1,1,1,1,1,1,1,1,1,1,1,1,1,1,1,1,1,1,1,1,1,1,1,1,1,1,1,1,1,1,1
Uttar Pradesh,2018,India,9,UTTAR PRADESH,199812341,44495063,2018,155317278,104480510,"Calendar Year (Jan - Dec), 2018",23487515,80992995,95331831,21007548,74324283,33448035,7762093,25685942,780110.507,2.31814e+07,23961510.507,0,0,0,0,0,0,0,0,0,0,0,0,0,0,0,1,1,1,1,1,1,1,1,1,1,1,1,1,1,1,1,1,1,1,1,1,1,1,1,1,1,1,1,1,1,1,1
Uttar Pradesh,2019,India,9,UTTAR PRADESH,199812341,44495063,2019,155317278,104480510,"Calendar Year (Jan - Dec), 2019",23487515,80992995,95331831,21007548,74324283,33448035,7762093,25685942,780110.507,2.31814e+07,23961510.507,0,0,0,0,0,0,0,0,0,0,0,0,0,0,0,1,1,1,1,1,1,1,1,1,1,1,1,1,1,1,1,1,1,1,1,1,1,1,1,1,1,1,1,1,1,1,1
Uttar Pradesh,2020,India,9,UTTAR PRADESH,199812341,44495063,2020,155317278,104480510,"Calendar Year (Jan - Dec), 2020",23487515,80992995,95331831,21007548,74324283,33448035,7762093,25685942,780110.507,2.31814e+07,23961510.507,0,0,0,0,0,0,0,0,0,0,0,0,0,0,0,1,1,1,1,1,1,1,1,1,1,1,1,1,1,1,1,1,1,1,1,1,1,1,1,1,1,1,1,1,1,1,1
Bihar,2018,India,10,BIHAR,104099452,11758016,2018,92341436,54278157,"Calendar Year (Jan - Dec), 2018",6204307,48073850,49821295,5553709,44267586,18913565,2050625,16862940,232472,9.06661e+06,9299085,0,0,0,0,0,0,0,0,0,0,0,0,0,0,0,1,1,1,1,1,1,1,1,1,1,1,1,1,1,1,1,1,1,1,1,1,1,1,1,1,1,1,1,1,1,1,1
Bihar,2019,India,10,BIHAR,104099452,11758016,2019,92341436,54278157,"Calendar Year (Jan - Dec), 2019",6204307,48073850,49821295,5553709,44267586,18913565,2050625,16862940,232472,9.06661e+06,9299085,0,0,0,0,0,0,0,0,0,0,0,0,0,0,0,1,1,1,1,1,1,1,1,1,1,1,1,1,1,1,1,1,1,1,1,1,1,1,1,1,1,1,1,1,1,1,1
Bihar,2020,India,10,BIHAR,104099452,11758016,2020,92341436,54278157,"Calendar Year (Jan - Dec), 2020",6204307,48073850,49821295,5553709,44267586,18913565,2050625,16862940,232472,9.06661e+06,9299085,0,0,0,0,0,0,0,0,0,0,0,0,0,0,0,1,1,1,1,1,1,1,1,1,1,1,1,1,1,1,1,1,1,1,1,1,1,1,1,1,1,1,1,1,1,1,1
Sikkim,2018,India,11,SIKKIM,610577,153578,2018,456999,323070,"Calendar Year (Jan - Dec), 2018",80273,242797,287507,73305,214202,129006,35718,93288,3824.1,649873,653697.35,0,0,0,0,0,0,0,0,0,0,0,0,0,0,0,1,1,1,1,1,1,1,1,1,1,1,1,1,1,1,1,1,1,1,1,1,1,1,1,1,1,1,1,1,1,1,1
Sikkim,2019,India,11,SIKKIM,610577,153578,2019,456999,323070,"Calendar Year (Jan - Dec), 2019",80273,242797,287507,73305,214202,129006,35718,93288,3824.1,649873,653697.35,0,0,0,0,0,0,0,0,0,0,0,0,0,0,0,1,1,1,1,1,1,1,1,1,1,1,1,1,1,1,1,1,1,1,1,1,1,1,1,1,1,1,1,1,1,1,1
Sikkim,2020,India,11,SIKKIM,610577,153578,2020,456999,323070,"Calendar Year (Jan - Dec), 2020",80273,242797,287507,73305,214202,129006,35718,93288,3824.1,649873,653697.35,0,0,0,0,0,0,0,0,0,0,0,0,0,0,0,1,1,1,1,1,1,1,1,1,1,1,1,1,1,1,1,1,1,1,1,1,1,1,1,1,1,1,1,1,1,1,1
Arunachal Pradesh,2018,India,12,ARUNACHAL PRADESH,1383727,317369,2018,1066358,713912,"Calendar Year (Jan - Dec), 2018",167901,546011,669815,149468,520347,270577,70367,200210,,1.33104e+06,1331039.125,0,0,0,0,0,0,0,0,0,0,0,0,0,0,0,1,1,1,1,1,1,1,1,1,1,1,1,1,1,1,1,1,1,1,1,1,1,1,1,1,1,1,1,1,1,1,1
Arunachal Pradesh,2019,India,12,ARUNACHAL PRADESH,1383727,317369,2019,1066358,713912,"Calendar Year (Jan - Dec), 2019",167901,546011,669815,149468,520347,270577,70367,200210,,1.33104e+06,1331039.125,0,0,0,0,0,0,0,0,0,0,0,0,0,0,0,1,1,1,1,1,1,1,1,1,1,1,1,1,1,1,1,1,1,1,1,1,1,1,1,1,1,1,1,1,1,1,1
Arunachal Pradesh,2020,India,12,ARUNACHAL PRADESH,1383727,317369,2020,1066358,713912,"Calendar Year (Jan - Dec), 2020",167901,546011,669815,149468,520347,270577,70367,200210,,1.33104e+06,1331039.125,0,0,0,0,0,0,0,0,0,0,0,0,0,0,0,1,1,1,1,1,1,1,1,1,1,1,1,1,1,1,1,1,1,1,1,1,1,1,1,1,1,1,1,1,1,1,1
Nagaland,2018,India,13,NAGALAND,1978502,570966,2018,1407536,1024649,"Calendar Year (Jan - Dec), 2018",299177,725472,953853,271789,682064,396002,118511,277491,,101253,101253.09375,0,0,0,0,0,0,0,0,0,0,0,0,0,0,0,1,1,1,1,1,1,1,1,1,1,1,1,1,1,1,1,1,1,1,1,1,1,1,1,1,1,1,1,1,1,1,1
Nagaland,2019,India,13,NAGALAND,1978502,570966,2019,1407536,1024649,"Calendar Year (Jan - Dec), 2019",299177,725472,953853,271789,682064,396002,118511,277491,,101253,101253.09375,0,0,0,0,0,0,0,0,0,0,0,0,0,0,0,1,1,1,1,1,1,1,1,1,1,1,1,1,1,1,1,1,1,1,1,1,1,1,1,1,1,1,1,1,1,1,1
Nagaland,2020,India,13,NAGALAND,1978502,570966,2020,1407536,1024649,"Calendar Year (Jan - Dec), 2020",299177,725472,953853,271789,682064,396002,118511,277491,,101253,101253.09375,0,0,0,0,0,0,0,0,0,0,0,0,0,0,0,1,1,1,1,1,1,1,1,1,1,1,1,1,1,1,1,1,1,1,1,1,1,1,1,1,1,1,1,1,1,1,1
Manipur,2018,India,14,MANIPUR,2855794,834154,2018,2021640,1438586,"Calendar Year (Jan - Dec), 2018",411702,1026884,1417208,422452,994756,557859,172339,385520,18024,175742,193766.21875,0,0,0,0,0,0,0,0,0,0,0,0,0,0,0,1,1,1,1,1,1,1,1,1,1,1,1,1,1,1,1,1,1,1,1,1,1,1,1,1,1,1,1,1,1,1,1
Manipur,2019,India,14,MANIPUR,2855794,834154,2019,2021640,1438586,"Calendar Year (Jan - Dec), 2019",411702,1026884,1417208,422452,994756,557859,172339,385520,18024,175742,193766.21875,0,0,0,0,0,0,0,0,0,0,0,0,0,0,0,1,1,1,1,1,1,1,1,1,1,1,1,1,1,1,1,1,1,1,1,1,1,1,1,1,1,1,1,1,1,1,1
Manipur,2020,India,14,MANIPUR,2855794,834154,2020,2021640,1438586,"Calendar Year (Jan - Dec), 2020",411702,1026884,1417208,422452,994756,557859,172339,385520,18024,175742,193766.21875,0,0,0,0,0,0,0,0,0,0,0,0,0,0,0,1,1,1,1,1,1,1,1,1,1,1,1,1,1,1,1,1,1,1,1,1,1,1,1,1,1,1,1,1,1,1,1
Mizoram,2018,India,15,MIZORAM,1097206,571771,2018,525435,555339,"Calendar Year (Jan - Dec), 2018",286204,269135,541867,285567,256300,222853,117041,105812,86600,,86600,0,0,0,0,0,0,0,0,0,0,0,0,0,0,0,1,1,1,1,1,1,1,1,1,1,1,1,1,1,1,1,1,1,1,1,1,1,1,1,1,1,1,1,1,1,1,1
Mizoram,2019,India,15,MIZORAM,1097206,571771,2019,525435,555339,"Calendar Year (Jan - Dec), 2019",286204,269135,541867,285567,256300,222853,117041,105812,86600,,86600,0,0,0,0,0,0,0,0,0,0,0,0,0,0,0,1,1,1,1,1,1,1,1,1,1,1,1,1,1,1,1,1,1,1,1,1,1,1,1,1,1,1,1,1,1,1,1
Mizoram,2020,India,15,MIZORAM,1097206,571771,2020,525435,555339,"Calendar Year (Jan - Dec), 2020",286204,269135,541867,285567,256300,222853,117041,105812,86600,,86600,0,0,0,0,0,0,0,0,0,0,0,0,0,0,0,1,1,1,1,1,1,1,1,1,1,1,1,1,1,1,1,1,1,1,1,1,1,1,1,1,1,1,1,1,1,1,1
Tripura,2018,India,16,TRIPURA,3673917,961453,2018,2712464,1874376,"Calendar Year (Jan - Dec), 2018",487203,1387173,1799541,474250,1325291,855556,238974,616582,39184,1.00031e+06,1039494.6875,0,0,0,0,0,0,0,0,0,0,0,0,0,0,0,1,1,1,1,1,1,1,1,1,1,1,1,1,1,1,1,1,1,1,1,1,1,1,1,1,1,1,1,1,1,1,1
Tripura,2019,India,16,TRIPURA,3673917,961453,2019,2712464,1874376,"Calendar Year (Jan - Dec), 2019",487203,1387173,1799541,474250,1325291,855556,238974,616582,39184,1.00031e+06,1039494.6875,0,0,0,0,0,0,0,0,0,0,0,0,0,0,0,1,1,1,1,1,1,1,1,1,1,1,1,1,1,1,1,1,1,1,1,1,1,1,1,1,1,1,1,1,1,1,1
Tripura,2020,India,16,TRIPURA,3673917,961453,2020,2712464,1874376,"Calendar Year (Jan - Dec), 2020",487203,1387173,1799541,474250,1325291,855556,238974,616582,39184,1.00031e+06,1039494.6875,0,0,0,0,0,0,0,0,0,0,0,0,0,0,0,1,1,1,1,1,1,1,1,1,1,1,1,1,1,1,1,1,1,1,1,1,1,1,1,1,1,1,1,1,1,1,1
Meghalaya,2018,India,17,MEGHALAYA,2966889,595450,2018,2371439,1491832,"Calendar Year (Jan - Dec), 2018",297572,1194260,1475057,297878,1177179,548059,117486,430573,28289,,28289,0,0,0,0,0,0,0,0,0,0,0,0,0,0,0,1,1,1,1,1,1,1,1,1,1,1,1,1,1,1,1,1,1,1,1,1,1,1,1,1,1,1,1,1,1,1,1
Meghalaya,2019,India,17,MEGHALAYA,2966889,595450,2019,2371439,1491832,"Calendar Year (Jan - Dec), 2019",297572,1194260,1475057,297878,1177179,548059,117486,430573,28289,,28289,0,0,0,0,0,0,0,0,0,0,0,0,0,0,0,1,1,1,1,1,1,1,1,1,1,1,1,1,1,1,1,1,1,1,1,1,1,1,1,1,1,1,1,1,1,1,1
Meghalaya,2020,India,17,MEGHALAYA,2966889,595450,2020,2371439,1491832,"Calendar Year (Jan - Dec), 2020",297572,1194260,1475057,297878,1177179,548059,117486,430573,28289,,28289,0,0,0,0,0,0,0,0,0,0,0,0,0,0,0,1,1,1,1,1,1,1,1,1,1,1,1,1,1,1,1,1,1,1,1,1,1,1,1,1,1,1,1,1,1,1,1
Assam,2018,India,18,ASSAM,31205576,4398542,2018,26807034,15939443,"Calendar Year (Jan - Dec), 2018",2260454,13678989,15266133,2138088,13128045,6406471,985594,5420877,125988,5.0829e+06,5208890.5,0,0,0,0,0,0,0,0,0,0,0,0,0,0,0,1,1,1,1,1,1,1,1,1,1,1,1,1,1,1,1,1,1,1,1,1,1,1,1,1,1,1,1,1,1,1,1
Assam,2019,India,18,ASSAM,31205576,4398542,2019,26807034,15939443,"Calendar Year (Jan - Dec), 2019",2260454,13678989,15266133,2138088,13128045,6406471,985594,5420877,125988,5.0829e+06,5208890.5,0,0,0,0,0,0,0,0,0,0,0,0,0,0,0,1,1,1,1,1,1,1,1,1,1,1,1,1,1,1,1,1,1,1,1,1,1,1,1,1,1,1,1,1,1,1,1
Assam,2020,India,18,ASSAM,31205576,4398542,2020,26807034,15939443,"Calendar Year (Jan - Dec), 2020",2260454,13678989,15266133,2138088,13128045,6406471,985594,5420877,125988,5.0829e+06,5208890.5,0,0,0,0,0,0,0,0,0,0,0,0,0,0,0,1,1,1,1,1,1,1,1,1,1,1,1,1,1,1,1,1,1,1,1,1,1,1,1,1,1,1,1,1,1,1,1
West Bengal,2018,India,19,WEST BENGAL,91276115,29093002,2018,62183113,46809027,"Calendar Year (Jan - Dec), 2018",14964082,31844945,44467088,14128920,30338168,20380315,6567150,13813165,511322.9535491,7.82147e+06,8332791.4535491,0,0,0,0,0,0,0,0,0,0,0,0,0,0,0,1,1,1,1,1,1,1,1,1,1,1,1,1,1,1,1,1,1,1,1,1,1,1,1,1,1,1,1,1,1,1,1
West Bengal,2019,India,19,WEST BENGAL,91276115,29093002,2019,62183113,46809027,"Calendar Year (Jan - Dec), 2019",14964082,31844945,44467088,14128920,30338168,20380315,6567150,13813165,511322.9535491,7.82147e+06,8332791.4535491,0,0,0,0,0,0,0,0,0,0,0,0,0,0,0,1,1,1,1,1,1,1,1,1,1,1,1,1,1,1,1,1,1,1,1,1,1,1,1,1,1,1,1,1,1,1,1
West Bengal,2020,India,19,WEST BENGAL,91276115,29093002,2020,62183113,46809027,"Calendar Year (Jan - Dec), 2020",14964082,31844945,44467088,14128920,30338168,20380315,6567150,13813165,511322.9535491,7.82147e+06,8332791.4535491,0,0,0,0,0,0,0,0,0,0,0,0,0,0,0,1,1,1,1,1,1,1,1,1,1,1,1,1,1,1,1,1,1,1,1,1,1,1,1,1,1,1,1,1,1,1,1
Jharkhand,2018,India,20,JHARKHAND,32988134,7933061,2018,25055073,16930315,"Calendar Year (Jan - Dec), 2018",4153829,12776486,16057819,3779232,12278587,6254781,1525412,4729369,225145.15,7.46095e+06,7686097.65,0,0,0,0,0,0,0,0,0,0,0,0,0,0,0,1,1,1,1,1,1,1,1,1,1,1,1,1,1,1,1,1,1,1,1,1,1,1,1,1,1,1,1,1,1,1,1
Jharkhand,2019,India,20,JHARKHAND,32988134,7933061,2019,25055073,16930315,"Calendar Year (Jan - Dec), 2019",4153829,12776486,16057819,3779232,12278587,6254781,1525412,4729369,225145.15,7.46095e+06,7686097.65,0,0,0,0,0,0,0,0,0,0,0,0,0,0,0,1,1,1,1,1,1,1,1,1,1,1,1,1,1,1,1,1,1,1,1,1,1,1,1,1,1,1,1,1,1,1,1
Jharkhand,2020,India,20,JHARKHAND,32988134,7933061,2020,25055073,16930315,"Calendar Year (Jan - Dec), 2020",4153829,12776486,16057819,3779232,12278587,6254781,1525412,4729369,225145.15,7.46095e+06,7686097.65,0,0,0,0,0,0,0,0,0,0,0,0,0,0,0,1,1,1,1,1,1,1,1,1,1,1,1,1,1,1,1,1,1,1,1,1,1,1,1,1,1,1,1,1,1,1,1
Odisha,2018,India,21,ODISHA,41980846,7010284,2018,34970562,21215646,"Calendar Year (Jan - Dec), 2018",3629443,17586203,20765200,3380841,17384359,9639296,1549309,8089987,2297094.4,1.15738e+07,13870882.4,0,0,0,0,0,0,0,0,0,0,0,0,0,0,0,1,1,1,1,1,1,1,1,1,1,1,1,1,1,1,1,1,1,1,1,1,1,1,1,1,1,1,1,1,1,1,1
Odisha,2019,India,21,ODISHA,41980846,7010284,2019,34970562,21215646,"Calendar Year (Jan - Dec), 2019",3629443,17586203,20765200,3380841,17384359,9639296,1549309,8089987,2297094.4,1.15738e+07,13870882.4,0,0,0,0,0,0,0,0,0,0,0,0,0,0,0,1,1,1,1,1,1,1,1,1,1,1,1,1,1,1,1,1,1,1,1,1,1,1,1,1,1,1,1,1,1,1,1
Odisha,2020,India,21,ODISHA,41980846,7010284,2020,34970562,21215646,"Calendar Year (Jan - Dec), 2020",3629443,17586203,20765200,3380841,17384359,9639296,1549309,8089987,2297094.4,1.15738e+07,13870882.4,0,0,0,0,0,0,0,0,0,0,0,0,0,0,0,1,1,1,1,1,1,1,1,1,1,1,1,1,1,1,1,1,1,1,1,1,1,1,1,1,1,1,1,1,1,1,1
Chhattisgarh,2018,India,22,CHHATTISGARH,25545198,5937237,2018,19607961,12832895,"Calendar Year (Jan - Dec), 2018",3035469,9797426,12712303,2901768,9810535,5650724,1285156,4365568,324772,9.34252e+06,9667292,0,0,0,0,0,0,0,0,0,0,0,0,0,0,0,1,1,1,1,1,1,1,1,1,1,1,1,1,1,1,1,1,1,1,1,1,1,1,1,1,1,1,1,1,1,1,1
Chhattisgarh,2019,India,22,CHHATTISGARH,25545198,5937237,2019,19607961,12832895,"Calendar Year (Jan - Dec), 2019",3035469,9797426,12712303,2901768,9810535,5650724,1285156,4365568,324772,9.34252e+06,9667292,0,0,0,0,0,0,0,0,0,0,0,0,0,0,0,1,1,1,1,1,1,1,1,1,1,1,1,1,1,1,1,1,1,1,1,1,1,1,1,1,1,1,1,1,1,1,1
Chhattisgarh,2020,India,22,CHHATTISGARH,25545198,5937237,2020,19607961,12832895,"Calendar Year (Jan - Dec), 2020",3035469,9797426,12712303,2901768,9810535,5650724,1285156,4365568,324772,9.34252e+06,9667292,0,0,0,0,0,0,0,0,0,0,0,0,0,0,0,1,1,1,1,1,1,1,1,1,1,1,1,1,1,1,1,1,1,1,1,1,1,1,1,1,1,1,1,1,1,1,1
Madhya Pradesh,2018,India,23,MADHYA PRADESH,72641665,20084261,2018,52557404,37620144,"Calendar Year (Jan - Dec), 2018",10470756,27149388,35021521,9613505,25408016,15095856,4015578,11080278,774641,2.54876e+07,26262239,0,0,0,0,0,0,0,0,0,0,0,0,0,0,0,1,1,1,1,1,1,1,1,1,1,1,1,1,1,1,1,1,1,1,1,1,1,1,1,1,1,1,1,1,1,1,1
Madhya Pradesh,2019,India,23,MADHYA PRADESH,72641665,20084261,2019,52557404,37620144,"Calendar Year (Jan - Dec), 2019",10470756,27149388,35021521,9613505,25408016,15095856,4015578,11080278,774641,2.54876e+07,26262239,0,0,0,0,0,0,0,0,0,0,0,0,0,0,0,1,1,1,1,1,1,1,1,1,1,1,1,1,1,1,1,1,1,1,1,1,1,1,1,1,1,1,1,1,1,1,1
Madhya Pradesh,2020,India,23,MADHYA PRADESH,72641665,20084261,2020,52557404,37620144,"Calendar Year (Jan - Dec), 2020",10470756,27149388,35021521,9613505,25408016,15095856,4015578,11080278,774641,2.54876e+07,26262239,0,0,0,0,0,0,0,0,0,0,0,0,0,0,0,1,1,1,1,1,1,1,1,1,1,1,1,1,1,1,1,1,1,1,1,1,1,1,1,1,1,1,1,1,1,1,1
Gujarat,2018,India,24,GUJARAT,60443083,25748474,2018,34694609,31492973,"Calendar Year (Jan - Dec), 2018",13693814,17799159,28950110,12054660,16895450,12249135,5475577,6773558,733163,1.49574e+07,15690521,0,0,0,0,0,0,0,0,0,0,0,0,0,0,0,1,1,1,1,1,1,1,1,1,1,1,1,1,1,1,1,1,1,1,1,1,1,1,1,1,1,1,1,1,1,1,1
Gujarat,2019,India,24,GUJARAT,60443083,25748474,2019,34694609,31492973,"Calendar Year (Jan - Dec), 2019",13693814,17799159,28950110,12054660,16895450,12249135,5475577,6773558,733163,1.49574e+07,15690521,0,0,0,0,0,0,0,0,0,0,0,0,0,0,0,1,1,1,1,1,1,1,1,1,1,1,1,1,1,1,1,1,1,1,1,1,1,1,1,1,1,1,1,1,1,1,1
Gujarat,2020,India,24,GUJARAT,60443083,25748474,2020,34694609,31492973,"Calendar Year (Jan - Dec), 2020",13693814,17799159,28950110,12054660,16895450,12249135,5475577,6773558,733163,1.49574e+07,15690521,0,0,0,0,0,0,0,0,0,0,0,0,0,0,0,1,1,1,1,1,1,1,1,1,1,1,1,1,1,1,1,1,1,1,1,1,1,1,1,1,1,1,1,1,1,1,1
Maharashtra,2018,India,27,MAHARASHTRA,112374333,50818259,2018,61556074,58243056,"Calendar Year (Jan - Dec), 2018",26704022,31539034,54131277,24114237,30017040,24421519,11206781,13214738,912066,2.88942e+07,29806232,0,0,0,0,0,0,0,0,0,0,0,0,0,0,0,1,1,1,1,1,1,1,1,1,1,1,1,1,1,1,1,1,1,1,1,1,1,1,1,1,1,1,1,1,1,1,1
Maharashtra,2019,India,27,MAHARASHTRA,112374333,50818259,2019,61556074,58243056,"Calendar Year (Jan - Dec), 2019",26704022,31539034,54131277,24114237,30017040,24421519,11206781,13214738,912066,2.88942e+07,29806232,0,0,0,0,0,0,0,0,0,0,0,0,0,0,0,1,1,1,1,1,1,1,1,1,1,1,1,1,1,1,1,1,1,1,1,1,1,1,1,1,1,1,1,1,1,1,1
Maharashtra,2020,India,27,MAHARASHTRA,112374333,50818259,2020,61556074,58243056,"Calendar Year (Jan - Dec), 2020",26704022,31539034,54131277,24114237,30017040,24421519,11206781,13214738,912066,2.88942e+07,29806232,0,0,0,0,0,0,0,0,0,0,0,0,0,0,0,1,1,1,1,1,1,1,1,1,1,1,1,1,1,1,1,1,1,1,1,1,1,1,1,1,1,1,1,1,1,1,1
Andhra Pradesh,2018,India,28,ANDHRA PRADESH,49577103,14610410,2018,34966693,24830513,"Calendar Year (Jan - Dec), 2018",7292265,17538248,24746590,7318145,17428445,12718976,3653618,9065358,411934,1.30242e+07,13436132,0,0,0,0,0,0,0,0,0,0,0,0,0,0,0,1,1,1,1,1,1,1,1,1,1,1,1,1,1,1,1,1,1,1,1,1,1,1,1,1,1,1,1,1,1,1,1
Andhra Pradesh,2019,India,28,ANDHRA PRADESH,49577103,14610410,2019,34966693,24830513,"Calendar Year (Jan - Dec), 2019",7292265,17538248,24746590,7318145,17428445,12718976,3653618,9065358,411934,1.30242e+07,13436132,0,0,0,0,0,0,0,0,0,0,0,0,0,0,0,1,1,1,1,1,1,1,1,1,1,1,1,1,1,1,1,1,1,1,1,1,1,1,1,1,1,1,1,1,1,1,1
Andhra Pradesh,2020,India,28,ANDHRA PRADESH,49577103,14610410,2020,34966693,24830513,"Calendar Year (Jan - Dec), 2020",7292265,17538248,24746590,7318145,17428445,12718976,3653618,9065358,411934,1.30242e+07,13436132,0,0,0,0,0,0,0,0,0,0,0,0,0,0,0,1,1,1,1,1,1,1,1,1,1,1,1,1,1,1,1,1,1,1,1,1,1,1,1,1,1,1,1,1,1,1,1
Karnataka,2018,India,29,KARNATAKA,61095297,23625962,2018,37469335,30966657,"Calendar Year (Jan - Dec), 2018",12037303,18929354,30128640,11588659,18539981,13357027,5410370,7946657,599199.34,1.85419e+07,19141059.34,0,0,0,0,0,0,0,0,0,0,0,0,0,0,0,1,1,1,1,1,1,1,1,1,1,1,1,1,1,1,1,1,1,1,1,1,1,1,1,1,1,1,1,1,1,1,1
Karnataka,2019,India,29,KARNATAKA,61095297,23625962,2019,37469335,30966657,"Calendar Year (Jan - Dec), 2019",12037303,18929354,30128640,11588659,18539981,13357027,5410370,7946657,599199.34,1.85419e+07,19141059.34,0,0,0,0,0,0,0,0,0,0,0,0,0,0,0,1,1,1,1,1,1,1,1,1,1,1,1,1,1,1,1,1,1,1,1,1,1,1,1,1,1,1,1,1,1,1,1
Karnataka,2020,India,29,KARNATAKA,61095297,23625962,2020,37469335,30966657,"Calendar Year (Jan - Dec), 2020",12037303,18929354,30128640,11588659,18539981,13357027,5410370,7946657,599199.34,1.85419e+07,19141059.34,0,0,0,0,0,0,0,0,0,0,0,0,0,0,0,1,1,1,1,1,1,1,1,1,1,1,1,1,1,1,1,1,1,1,1,1,1,1,1,1,1,1,1,1,1,1,1
Goa,2018,India,30,GOA,1458545,906814,2018,551731,739140,"Calendar Year (Jan - Dec), 2018",463704,275436,719405,443110,276295,343611,215403,128208,77854,292350,370204.15625,0,0,0,0,0,0,0,0,0,0,0,0,0,0,0,1,1,1,1,1,1,1,1,1,1,1,1,1,1,1,1,1,1,1,1,1,1,1,1,1,1,1,1,1,1,1,1
Goa,2019,India,30,GOA,1458545,906814,2019,551731,739140,"Calendar Year (Jan - Dec), 2019",463704,275436,719405,443110,276295,343611,215403,128208,77854,292350,370204.15625,0,0,0,0,0,0,0,0,0,0,0,0,0,0,0,1,1,1,1,1,1,1,1,1,1,1,1,1,1,1,1,1,1,1,1,1,1,1,1,1,1,1,1,1,1,1,1
Goa,2020,India,30,GOA,1458545,906814,2020,551731,739140,"Calendar Year (Jan - Dec), 2020",463704,275436,719405,443110,276295,343611,215403,128208,77854,292350,370204.15625,0,0,0,0,0,0,0,0,0,0,0,0,0,0,0,1,1,1,1,1,1,1,1,1,1,1,1,1,1,1,1,1,1,1,1,1,1,1,1,1,1,1,1,1,1,1,1
Lakshadweep,2018,India,31,LAKSHADWEEP,64473,50332,2018,14141,33123,"Calendar Year (Jan - Dec), 2018",25880,7243,31350,24452,6898,11574,8864,2710,2137,771.28,2908.28009033203,0,0,0,0,0,0,0,0,0,0,0,0,0,0,0,1,1,1,1,1,1,1,1,1,1,1,1,1,1,1,1,1,1,1,1,1,1,1,1,1,1,1,1,1,1,1,1
Lakshadweep,2019,India,31,LAKSHADWEEP,64473,50332,2019,14141,33123,"Calendar Year (Jan - Dec), 2019",25880,7243,31350,24452,6898,11574,8864,2710,2137,771.28,2908.28009033203,0,0,0,0,0,0,0,0,0,0,0,0,0,0,0,1,1,1,1,1,1,1,1,1,1,1,1,1,1,1,1,1,1,1,1,1,1,1,1,1,1,1,1,1,1,1,1
Lakshadweep,2020,India,31,LAKSHADWEEP,64473,50332,2020,14141,33123,"Calendar Year (Jan - Dec), 2020",25880,7243,31350,24452,6898,11574,8864,2710,2137,771.28,2908.28009033203,0,0,0,0,0,0,0,0,0,0,0,0,0,0,0,1,1,1,1,1,1,1,1,1,1,1,1,1,1,1,1,1,1,1,1,1,1,1,1,1,1,1,1,1,1,1,1
Kerala,2018,India,32,KERALA,33406061,15934926,2018,17471135,16027412,"Calendar Year (Jan - Dec), 2018",7619358,8408054,17378649,8315568,9063081,7853754,3704113,4149641,759880,3.12624e+06,3886116,0,0,0,0,0,0,0,0,0,0,0,0,0,0,0,1,1,1,1,1,1,1,1,1,1,1,1,1,1,1,1,1,1,1,1,1,1,1,1,1,1,1,1,1,1,1,1
Kerala,2019,India,32,KERALA,33406061,15934926,2019,17471135,16027412,"Calendar Year (Jan - Dec), 2019",7619358,8408054,17378649,8315568,9063081,7853754,3704113,4149641,759880,3.12624e+06,3886116,0,0,0,0,0,0,0,0,0,0,0,0,0,0,0,1,1,1,1,1,1,1,1,1,1,1,1,1,1,1,1,1,1,1,1,1,1,1,1,1,1,1,1,1,1,1,1
Kerala,2020,India,32,KERALA,33406061,15934926,2020,17471135,16027412,"Calendar Year (Jan - Dec), 2020",7619358,8408054,17378649,8315568,9063081,7853754,3704113,4149641,759880,3.12624e+06,3886116,0,0,0,0,0,0,0,0,0,0,0,0,0,0,0,1,1,1,1,1,1,1,1,1,1,1,1,1,1,1,1,1,1,1,1,1,1,1,1,1,1,1,1,1,1,1,1
Tamil Nadu,2018,India,33,TAMIL NADU,72147030,34917440,2018,37229590,36137975,"Calendar Year (Jan - Dec), 2018",17458910,18679065,36009055,17458530,18550525,18524982,8996487,9528495,1363555.5,1.15072e+07,12870773.5,0,0,0,0,0,0,0,0,0,0,0,0,0,0,0,1,1,1,1,1,1,1,1,1,1,1,1,1,1,1,1,1,1,1,1,1,1,1,1,1,1,1,1,1,1,1,1
Tamil Nadu,2019,India,33,TAMIL NADU,72147030,34917440,2019,37229590,36137975,"Calendar Year (Jan - Dec), 2019",17458910,18679065,36009055,17458530,18550525,18524982,8996487,9528495,1363555.5,1.15072e+07,12870773.5,0,0,0,0,0,0,0,0,0,0,0,0,0,0,0,1,1,1,1,1,1,1,1,1,1,1,1,1,1,1,1,1,1,1,1,1,1,1,1,1,1,1,1,1,1,1,1
Tamil Nadu,2020,India,33,TAMIL NADU,72147030,34917440,2020,37229590,36137975,"Calendar Year (Jan - Dec), 2020",17458910,18679065,36009055,17458530,18550525,18524982,8996487,9528495,1363555.5,1.15072e+07,12870773.5,0,0,0,0,0,0,0,0,0,0,0,0,0,0,0,1,1,1,1,1,1,1,1,1,1,1,1,1,1,1,1,1,1,1,1,1,1,1,1,1,1,1,1,1,1,1,1
Puducherry,2019,India,34,PUDUCHERRY,1247953,852753,2019,395200,612511,"Calendar Year (Jan - Dec), 2019",417604,194907,635442,435149,200293,302450,207432,95018,15456,33823.8,49279.7890625,0,0,0,0,0,0,0,0,0,0,0,0,0,0,0,1,1,1,1,1,1,1,1,1,1,1,1,1,1,1,1,1,1,1,1,1,1,1,1,1,1,1,1,1,1,1,1
Puducherry,2020,India,34,PUDUCHERRY,1247953,852753,2020,395200,612511,"Calendar Year (Jan - Dec), 2020",417604,194907,635442,435149,200293,302450,207432,95018,15456,33823.8,49279.7890625,0,0,0,0,0,0,0,0,0,0,0,0,0,0,0,1,1,1,1,1,1,1,1,1,1,1,1,1,1,1,1,1,1,1,1,1,1,1,1,1,1,1,1,1,1,1,1
Andaman and Nicobar,2018,India,35,ANDAMAN AND NICOBAR ISLANDS,380581,143488,2018,237093,202871,"Calendar Year (Jan - Dec), 2018",76584,126287,177710,66904,110806,94551,36021,58530,3799.37,81533.2,85332.5575,0,0,0,0,0,0,0,0,0,0,0,0,0,0,0,1,1,1,1,1,1,1,1,1,1,1,1,1,1,1,1,1,1,1,1,1,1,1,1,1,1,1,1,1,1,1,1
Andaman and Nicobar,2019,India,35,ANDAMAN AND NICOBAR ISLANDS,380581,143488,2019,237093,202871,"Calendar Year (Jan - Dec), 2019",76584,126287,177710,66904,110806,94551,36021,58530,3799.37,81533.2,85332.5575,0,0,0,0,0,0,0,0,0,0,0,0,0,0,0,1,1,1,1,1,1,1,1,1,1,1,1,1,1,1,1,1,1,1,1,1,1,1,1,1,1,1,1,1,1,1,1
Andaman and Nicobar,2020,India,35,ANDAMAN AND NICOBAR ISLANDS,380581,143488,2020,237093,202871,"Calendar Year (Jan - Dec), 2020",76584,126287,177710,66904,110806,94551,36021,58530,3799.37,81533.2,85332.5575,0,0,0,0,0,0,0,0,0,0,0,0,0,0,0,1,1,1,1,1,1,1,1,1,1,1,1,1,1,1,1,1,1,1,1,1,1,1,1,1,1,1,1,1,1,1,1
Telangana,2018,India,36,TELANGANA,35003674,13608665,2018,21395009,17611633,"Calendar Year (Jan - Dec), 2018",6906640,10704993,17392041,6702025,10690016,8303612,3134583,5169029,373524,1.00147e+07,10388260,0,0,0,0,0,0,0,0,0,0,0,0,0,0,0,1,1,1,1,1,1,1,1,1,1,1,1,1,1,1,1,1,1,1,1,1,1,1,1,1,1,1,1,1,1,1,1
Telangana,2019,India,36,TELANGANA,35003674,13608665,2019,21395009,17611633,"Calendar Year (Jan - Dec), 2019",6906640,10704993,17392041,6702025,10690016,8303612,3134583,5169029,373524,1.00147e+07,10388260,0,0,0,0,0,0,0,0,0,0,0,0,0,0,0,1,1,1,1,1,1,1,1,1,1,1,1,1,1,1,1,1,1,1,1,1,1,1,1,1,1,1,1,1,1,1,1
Telangana,2020,India,36,TELANGANA,35003674,13608665,2020,21395009,17611633,"Calendar Year (Jan - Dec), 2020",6906640,10704993,17392041,6702025,10690016,8303612,3134583,5169029,373524,1.00147e+07,10388260,0,0,0,0,0,0,0,0,0,0,0,0,0,0,0,1,1,1,1,1,1,1,1,1,1,1,1,1,1,1,1,1,1,1,1,1,1,1,1,1,1,1,1,1,1,1,1
Jammu and Kashmir,2018,India,37,LADAKH,274289,62009,2018,212280,156756,"Calendar Year (Jan - Dec), 2018",40642,116114,117533,21367,96166,40247,9195,31052,2615,55650.3,58265.3125,0,0,0,0.000000000000000000000000,0.000000000000000000000000,0.000000000000000000000000,0.000000000000000000000000,0.000000000000000000000000,0.000000000000000000000000,0.000000000000000000000000,0.000000000000000000000000,0.000000000000000000000000,0.000000000000000000000000,0.000000000000000000000000,0.000000000000000000000000,2,1,0.02187085519509856313,1,0.01806135425350150091,1,0.02330682933577512665,1,0.02360547788759614629,1,0.02177811953262940169,1,0.02431973177376286450,1,0.01991868678651807262,1,0.01363511346428368592,1,0.02219087531033788899,1,0.01898695958613362721,1,0.01623740695939323839,1,0.01998927536623723070,1,0.0210968762101459,1,0.0245182719440537,1,0.0243411032327065,1
Jammu and Kashmir,2019,India,37,LADAKH,274289,62009,2019,212280,156756,"Calendar Year (Jan - Dec), 2019",40642,116114,117533,21367,96166,40247,9195,31052,2615,55650.3,58265.3125,0,0,0,0.000000000000000000000000,0.000000000000000000000000,0.000000000000000000000000,0.000000000000000000000000,0.000000000000000000000000,0.000000000000000000000000,0.000000000000000000000000,0.000000000000000000000000,0.000000000000000000000000,0.000000000000000000000000,0.000000000000000000000000,0.000000000000000000000000,2,1,0.02187085519509856313,1,0.01806135425350150091,1,0.02330682933577512665,1,0.02360547788759614629,1,0.02177811953262940169,1,0.02431973177376286450,1,0.01991868678651807262,1,0.01363511346428368592,1,0.02219087531033788899,1,0.01898695958613362721,1,0.01623740695939323839,1,0.01998927536623723070,1,0.0210968762101459,1,0.0245182719440537,1,0.0243411032327065,1
Ladakh,2020,India,37,LADAKH,274289,62009,2020,212280,156756,"Calendar Year (Jan - Dec), 2020",40642,116114,117533,21367,96166,40247,9195,31052,2615,55650.3,58265.33203125,0,0,0,0,0,0,0,0,0,0,0,0,0,0,0,1,1,1,1,1,1,1,1,1,1,1,1,1,1,1,1,1,1,1,1,1,1,1,1,1,1,1,1,1,1,1,1
Dadar and Nagar Haveli,2018,India,38,THE DADRA AND NAGAR HAVELI AND DAMAN AND DIU,343709,160595,2018,183114,193760,"Calendar Year (Jan - Dec), 2018",95455,98305,149949,65140,84809,76458,40364,36094,4570,44311.9,48881.94921875,0,0,0,0.000000000000000000000000,0.000000000000000000000000,0.000000000000000000000000,0.000000000000000000000000,0.000000000000000000000000,0.000000000000000000000000,0.000000000000000000000000,0.000000000000000000000000,0.000000000000000000000000,0.000000000000000000000000,0.000000000000000000000000,0.000000000000000000000000,1,2,1.00000000000000000000,0.58557881681080012812,1.00000000000000000000,0.46759898208160817130,1.00000000000000000000,0.75197733152642601947,1.00000000000000000000,0.56315595199688427343,1.00000000000000000000,0.44738729196057386308,1.00000000000000000000,0.75214231063504208110,1.00000000000000000000,0.61734082628296177361,1.00000000000000000000,0.50074950993581120037,1.00000000000000000000,0.75178618916762698342,1.00000000000000000000,0.55640618859795945100,1.00000000000000000000,0.45569906069364161850,1.00000000000000000000,0.73905565338465948647,1,0.485035024410953,1,0.901426,1,0.834453036515133
Daman and Diu,2018,India,38,THE DADRA AND NAGAR HAVELI AND DAMAN AND DIU,243247,182851,2018,60396,150301,"Calendar Year (Jan - Dec), 2018",117906,32395,92946,64945,28001,60956,48212,12744,4852,4845.68,9697.6796875,0,0,0,0.000000000000000000000000,0.000000000000000000000000,0.000000000000000000000000,0.000000000000000000000000,0.000000000000000000000000,0.000000000000000000000000,0.000000000000000000000000,0.000000000000000000000000,0.000000000000000000000000,0.000000000000000000000000,0.000000000000000000000000,0.000000000000000000000000,1,2,1.00000000000000000000,0.41442118318919987188,1.00000000000000000000,0.53240101791839182870,1.00000000000000000000,0.24802266847357398053,1.00000000000000000000,0.43684404800311572657,1.00000000000000000000,0.55261270803942613692,1.00000000000000000000,0.24785768936495791890,1.00000000000000000000,0.38265917371703822639,1.00000000000000000000,0.49925049006418879963,1.00000000000000000000,0.24821381083237301658,1.00000000000000000000,0.44359381140204054900,1.00000000000000000000,0.54430093930635838150,1.00000000000000000000,0.26094434661534051353,1,0.514964975589047,1,0.0985743,1,0.165546963484867
Dadar and Nagar Haveli,2019,India,38,THE DADRA AND NAGAR HAVELI AND DAMAN AND DIU,343709,160595,2019,183114,193760,"Calendar Year (Jan - Dec), 2019",95455,98305,149949,65140,84809,76458,40364,36094,4570,44311.9,48881.94921875,0,0,0,0.000000000000000000000000,0.000000000000000000000000,0.000000000000000000000000,0.000000000000000000000000,0.000000000000000000000000,0.000000000000000000000000,0.000000000000000000000000,0.000000000000000000000000,0.000000000000000000000000,0.000000000000000000000000,0.000000000000000000000000,0.000000000000000000000000,1,2,1.00000000000000000000,0.58557881681080012812,1.00000000000000000000,0.46759898208160817130,1.00000000000000000000,0.75197733152642601947,1.00000000000000000000,0.56315595199688427343,1.00000000000000000000,0.44738729196057386308,1.00000000000000000000,0.75214231063504208110,1.00000000000000000000,0.61734082628296177361,1.00000000000000000000,0.50074950993581120037,1.00000000000000000000,0.75178618916762698342,1.00000000000000000000,0.55640618859795945100,1.00000000000000000000,0.45569906069364161850,1.00000000000000000000,0.73905565338465948647,1,0.485035024410953,1,0.901426,1,0.834453036515133
Daman and Diu,2019,India,38,THE DADRA AND NAGAR HAVELI AND DAMAN AND DIU,243247,182851,2019,60396,150301,"Calendar Year (Jan - Dec), 2019",117906,32395,92946,64945,28001,60956,48212,12744,4852,4845.68,9697.6796875,0,0,0,0.000000000000000000000000,0.000000000000000000000000,0.000000000000000000000000,0.000000000000000000000000,0.000000000000000000000000,0.000000000000000000000000,0.000000000000000000000000,0.000000000000000000000000,0.000000000000000000000000,0.000000000000000000000000,0.000000000000000000000000,0.000000000000000000000000,1,2,1.00000000000000000000,0.41442118318919987188,1.00000000000000000000,0.53240101791839182870,1.00000000000000000000,0.24802266847357398053,1.00000000000000000000,0.43684404800311572657,1.00000000000000000000,0.55261270803942613692,1.00000000000000000000,0.24785768936495791890,1.00000000000000000000,0.38265917371703822639,1.00000000000000000000,0.49925049006418879963,1.00000000000000000000,0.24821381083237301658,1.00000000000000000000,0.44359381140204054900,1.00000000000000000000,0.54430093930635838150,1.00000000000000000000,0.26094434661534051353,1,0.514964975589047,1,0.0985743,1,0.165546963484867
