srcStateName,srcYear,"Patients attended  Non-communicable diseases ( NCDs ) Clinics Diseases that cannot be directly transmitted from man to man, animal to animal or from the environment (through air, dust, soil, water, food etc) to man or animal are deemed as non-communicable diseases",Patients diagnosed with Diabetes,Patients diagnosed with Hypertension,Patients diagnosed with Hypertension and Diabetes Mellitus( Htnand DM ),Patients diagnosed with Cardiovascular diseases ( CVDs ),Patients diagnosed with Stroke,Patients diagnosed with common Cancers,YearCode,Year
Telangana,2020,681268,34063,81739,27251,,5270,1091,2020,"Calendar Year (Jan - Dec), 2020"
Tamil Nadu,2020,7710801,160596,290286,62834,15719,9277,1702,2020,"Calendar Year (Jan - Dec), 2020"
Sikkim,2020,41657,1009,1953,386,22,40,5,2020,"Calendar Year (Jan - Dec), 2020"
Rajasthan,2020,8803544,231635,436600,82580,10666,1043,2586,2020,"Calendar Year (Jan - Dec), 2020"
Punjab,2020,1155668,135274,181582,69177,7992,780,4764,2020,"Calendar Year (Jan - Dec), 2020"
Odisha,2020,865820,161448,204237,52124,8477,1824,3408,2020,"Calendar Year (Jan - Dec), 2020"
Nagaland,2020,32994,1397,4297,473,326,111,116,2020,"Calendar Year (Jan - Dec), 2020"
Mizoram,2020,110966,4721,8422,2415,48,85,173,2020,"Calendar Year (Jan - Dec), 2020"
Meghalaya,2020,73380,3193,6719,1072,72,156,493,2020,"Calendar Year (Jan - Dec), 2020"
Manipur,2020,76412,5500,7060,1246,236,115,121,2020,"Calendar Year (Jan - Dec), 2020"
Maharashtra,2020,4587621,138143,182070,55988,7534,2696,4587,2020,"Calendar Year (Jan - Dec), 2020"
Madhya Pradesh,2020,1931418,244059,243902,192975,25310,7582,15923,2020,"Calendar Year (Jan - Dec), 2020"
Kerala,2020,4166477,50485,86238,30207,3224,1481,3244,2020,"Calendar Year (Jan - Dec), 2020"
Karnataka,2020,2321114,55544,57599,20285,6995,2542,3243,2020,"Calendar Year (Jan - Dec), 2020"
Jharkhand,2020,445736,49047,44345,8521,828,568,1235,2020,"Calendar Year (Jan - Dec), 2020"
Himachal Pradesh,2020,316308,18169,37131,4212,315,184,5089,2020,"Calendar Year (Jan - Dec), 2020"
Haryana,2020,1007952,86322,96473,38303,5381,2434,1413,2020,"Calendar Year (Jan - Dec), 2020"
Gujarat,2020,3229049,225278,151062,53828,16052,7624,3605,2020,"Calendar Year (Jan - Dec), 2020"
Goa,2020,349950,6116,5731,7078,1515,2037,24,2020,"Calendar Year (Jan - Dec), 2020"
Chhattisgarh,2020,1286416,113311,125527,31371,1207,1211,864,2020,"Calendar Year (Jan - Dec), 2020"
Bihar,2020,203996,82290,51119,16256,463,181,2065,2020,"Calendar Year (Jan - Dec), 2020"
Assam,2020,97370,19840,27799,6289,1071,955,109,2020,"Calendar Year (Jan - Dec), 2020"
Arunachal Pradesh,2020,176375,5831,11351,1410,140,416,715,2020,"Calendar Year (Jan - Dec), 2020"
Andhra Pradesh,2020,1169030,194153,196979,60667,4828,1514,352,2020,"Calendar Year (Jan - Dec), 2020"
Delhi,2018,,,,,,,,2018,"Calendar Year (Jan - Dec), 2018"
Puducherry,2019,95755,2190,996,506,7036,1400,647,2019,"Calendar Year (Jan - Dec), 2019"
Lakshadweep,2019,502549,1739,2880,,269,343,26,2019,"Calendar Year (Jan - Dec), 2019"
Daman and Diu,2019,56230,776,1187,293,411,27,250,2019,"Calendar Year (Jan - Dec), 2019"
Dadar and Nagar Haveli,2019,,,,,,,,2019,"Calendar Year (Jan - Dec), 2019"
Chandigarh,2019,14470,2016,1978,891,66,,,2019,"Calendar Year (Jan - Dec), 2019"
Andaman and Nicobar,2019,18882,1164,724,219,,,3,2019,"Calendar Year (Jan - Dec), 2019"
West Bengal,2019,2631889,404214,455305,170091,44387,29665,9032,2019,"Calendar Year (Jan - Dec), 2019"
Uttarakhand,2019,124343,18093,21761,6238,309,167,97,2019,"Calendar Year (Jan - Dec), 2019"
Uttar Pradesh,2019,3764979,445066,364288,187460,17787,6491,1555,2019,"Calendar Year (Jan - Dec), 2019"
Tripura,2019,295377,13973,45338,9358,357,644,132,2019,"Calendar Year (Jan - Dec), 2019"
Telangana,2019,1429718,95690,221959,56865,1326,11856,4074,2019,"Calendar Year (Jan - Dec), 2019"
Tamil Nadu,2019,18099337,264941,491649,92216,11924,11613,2621,2019,"Calendar Year (Jan - Dec), 2019"
Sikkim,2019,73010,1280,3715,848,34,8,3,2019,"Calendar Year (Jan - Dec), 2019"
Rajasthan,2019,11045414,312007,598540,101451,23087,1878,3989,2019,"Calendar Year (Jan - Dec), 2019"
Punjab,2019,1124050,134537,176790,68191,10176,1549,1873,2019,"Calendar Year (Jan - Dec), 2019"
Odisha,2019,754849,133549,167293,45582,10777,1932,3071,2019,"Calendar Year (Jan - Dec), 2019"
Nagaland,2019,51430,2364,6530,1070,646,272,278,2019,"Calendar Year (Jan - Dec), 2019"
Mizoram,2019,136608,14008,11615,2610,34,47,104,2019,"Calendar Year (Jan - Dec), 2019"
Meghalaya,2019,77559,3695,5917,1330,203,109,622,2019,"Calendar Year (Jan - Dec), 2019"
Manipur,2019,46831,3835,4184,823,217,88,249,2019,"Calendar Year (Jan - Dec), 2019"
Maharashtra,2019,6484934,181310,250514,61650,12639,4123,6682,2019,"Calendar Year (Jan - Dec), 2019"
Madhya Pradesh,2019,881901,83660,118063,74173,12162,2868,4119,2019,"Calendar Year (Jan - Dec), 2019"
Kerala,2019,5734369,83380,144988,72192,4434,1385,2791,2019,"Calendar Year (Jan - Dec), 2019"
Karnataka,2019,3578010,107309,109588,35498,6943,3080,4823,2019,"Calendar Year (Jan - Dec), 2019"
Jharkhand,2019,513749,54629,58814,12239,1369,941,1774,2019,"Calendar Year (Jan - Dec), 2019"
Jammu and Kashmir,2019,203204,21709,30993,7400,2640,747,2452,2019,"Calendar Year (Jan - Dec), 2019"
Himachal Pradesh,2019,308602,31310,51060,6812,627,110,4503,2019,"Calendar Year (Jan - Dec), 2019"
Haryana,2019,1668928,147607,158181,85897,8345,2324,1729,2019,"Calendar Year (Jan - Dec), 2019"
Gujarat,2019,4184181,136789,141197,48638,8806,5689,3611,2019,"Calendar Year (Jan - Dec), 2019"
Goa,2019,615682,10360,9991,9335,2210,2675,60,2019,"Calendar Year (Jan - Dec), 2019"
Chhattisgarh,2019,1593416,166411,163401,48886,3133,1516,210,2019,"Calendar Year (Jan - Dec), 2019"
Bihar,2019,375091,122668,72841,22151,990,202,4184,2019,"Calendar Year (Jan - Dec), 2019"
Assam,2019,292605,38631,73420,12979,1454,1210,898,2019,"Calendar Year (Jan - Dec), 2019"
Arunachal Pradesh,2019,208578,6535,13179,1009,171,427,670,2019,"Calendar Year (Jan - Dec), 2019"
Andhra Pradesh,2019,1276142,294812,292005,66649,9697,3732,609,2019,"Calendar Year (Jan - Dec), 2019"
Delhi,2019,,,,,,,,2019,"Calendar Year (Jan - Dec), 2019"
Puducherry,2020,87345,1654,483,288,4991,1126,343,2020,"Calendar Year (Jan - Dec), 2020"
Delhi,2020,44450,8978,7888,30226,242,345,626,2020,"Calendar Year (Jan - Dec), 2020"
Ladakh,2020,1665,193,509,70,28,19,39,2020,"Calendar Year (Jan - Dec), 2020"
Lakshadweep,2020,,,,,,,,2020,"Calendar Year (Jan - Dec), 2020"
Jammu and Kashmir,2020,511868,23670,29893,12338,3345,1072,1048,2020,"Calendar Year (Jan - Dec), 2020"
Daman and Diu and Dadar and Nagar Haveli,2020,16451,131,311,36,155,3,207,2020,"Calendar Year (Jan - Dec), 2020"
Chandigarh,2020,170619,10948,10528,1649,252,141,10,2020,"Calendar Year (Jan - Dec), 2020"
Andaman and Nicobar,2020,6959,448,649,203,,,,2020,"Calendar Year (Jan - Dec), 2020"
West Bengal,2020,2590568,332301,382789,136664,23218,16316,6251,2020,"Calendar Year (Jan - Dec), 2020"
Uttarakhand,2020,73058,10033,13796,4696,409,196,70,2020,"Calendar Year (Jan - Dec), 2020"
Uttar Pradesh,2020,2618489,300799,268750,124486,14256,3504,1313,2020,"Calendar Year (Jan - Dec), 2020"
Tripura,2020,199414,12186,31925,32305,604,501,62,2020,"Calendar Year (Jan - Dec), 2020"
Lakshadweep,2018,,,,,,,,2018,"Calendar Year (Jan - Dec), 2018"
Daman and Diu,2018,73383,2812,3063,412,234,44,4,2018,"Calendar Year (Jan - Dec), 2018"
Dadar and Nagar Haveli,2018,29563,2916,3169,6085,1062,335,,2018,"Calendar Year (Jan - Dec), 2018"
Chandigarh,2018,28315,2912,4099,2444,47,20,8,2018,"Calendar Year (Jan - Dec), 2018"
Andaman and Nicobar,2018,11052,230,362,93,,,76,2018,"Calendar Year (Jan - Dec), 2018"
West Bengal,2018,1458531,247614,285134,127759,29907,20529,11897,2018,"Calendar Year (Jan - Dec), 2018"
Uttarakhand,2018,105802,17046,20796,6367,460,244,123,2018,"Calendar Year (Jan - Dec), 2018"
Uttar Pradesh,2018,3043376,406205,353940,160072,28868,3319,2155,2018,"Calendar Year (Jan - Dec), 2018"
Tripura,2018,122747,5460,28198,3934,124,482,52,2018,"Calendar Year (Jan - Dec), 2018"
Tamil Nadu,2018,23997842,375315,721197,115235,13787,10201,2860,2018,"Calendar Year (Jan - Dec), 2018"
Sikkim,2018,76041,915,2586,385,49,13,2,2018,"Calendar Year (Jan - Dec), 2018"
Rajasthan,2018,8954630,378428,691651,119855,21167,3259,3414,2018,"Calendar Year (Jan - Dec), 2018"
Punjab,2018,871579,116181,150685,59557,6555,711,987,2018,"Calendar Year (Jan - Dec), 2018"
Odisha,2018,552450,92783,118978,33938,5487,2050,1457,2018,"Calendar Year (Jan - Dec), 2018"
Nagaland,2018,24359,1449,3765,695,633,250,235,2018,"Calendar Year (Jan - Dec), 2018"
Mizoram,2018,105758,7168,8322,1167,225,33,108,2018,"Calendar Year (Jan - Dec), 2018"
Meghalaya,2018,28521,1557,2560,988,175,43,852,2018,"Calendar Year (Jan - Dec), 2018"
Manipur,2018,36821,3712,3280,939,242,97,413,2018,"Calendar Year (Jan - Dec), 2018"
Maharashtra,2018,5883915,155628,250875,97651,16880,4015,14103,2018,"Calendar Year (Jan - Dec), 2018"
Madhya Pradesh,2018,334878,28283,35773,29609,4045,1739,1146,2018,"Calendar Year (Jan - Dec), 2018"
Kerala,2018,4758159,58174,107995,31140,20120,1061,10404,2018,"Calendar Year (Jan - Dec), 2018"
Karnataka,2018,2375504,112220,105030,38539,8212,4989,20084,2018,"Calendar Year (Jan - Dec), 2018"
Jharkhand,2018,421063,31093,32491,6543,2747,997,149,2018,"Calendar Year (Jan - Dec), 2018"
Jammu and Kashmir,2018,220441,23486,39504,9328,2061,1013,387,2018,"Calendar Year (Jan - Dec), 2018"
Himachal Pradesh,2018,260164,77845,99432,30312,2150,213,453,2018,"Calendar Year (Jan - Dec), 2018"
Haryana,2018,1292849,91324,105020,41019,2827,625,1221,2018,"Calendar Year (Jan - Dec), 2018"
Gujarat,2018,3997656,154504,159007,62043,10107,6097,72169,2018,"Calendar Year (Jan - Dec), 2018"
Telangana,2018,2850666,122456,143118,,,,13130,2018,"Calendar Year (Jan - Dec), 2018"
Goa,2018,507413,8431,6609,7529,1430,1053,53,2018,"Calendar Year (Jan - Dec), 2018"
Chhattisgarh,2018,714609,101739,59909,21226,1786,357,2905,2018,"Calendar Year (Jan - Dec), 2018"
Bihar,2018,152510,47337,24774,6402,660,163,17,2018,"Calendar Year (Jan - Dec), 2018"
Assam,2018,245988,24915,50765,5067,1548,1057,400,2018,"Calendar Year (Jan - Dec), 2018"
Arunachal Pradesh,2018,185801,8220,16244,1381,268,332,862,2018,"Calendar Year (Jan - Dec), 2018"
Andhra Pradesh,2018,1382857,391843,399094,78292,9585,2578,5705,2018,"Calendar Year (Jan - Dec), 2018"
